Artwork_id ,artwork_medium,size,price ,artist_id ,title 
2327,oil on canvas,extra large,224483,180,Palette of Ages
2956,water colour,medium,119370,964,Carved Whispers
2656,history,small,415840,135,Frozen Moments
2328,water colour,medium,293659,802,Tangled Threads
2715,sculpture,medium,40536,557,Aqua Serenade
2464,history,small,356752,34,Tangled Threads
2584,oil on canvas,small,122590,607,Luminous Horizons
2060,mixed media,large,21684,609,Eternal Brushstrokes
2060,mixed media,small,272020,662,Pixel Reverberations
2210,photography,extra large,40601,381,Pixel Reverberations
2222,history,large,187114,226,Pixel Reverberations
2966,oil on canvas,small,322843,971,Canvas Chronicles
2166,oil on canvas,large,443512,378,Pixel Reverberations
2166,sculpture,large,368105,960,Canvas Chronicles
2264,history,medium,334073,95,Shadows and Silhouettes
2072,history,small,25515,206,Tangled Threads
2649,oil on canvas,extra large,180505,870,Brushstrokes Through Time
2099,oil on canvas,extra large,58387,317,Aqua Serenade
2713,mixed media,extra large,67529,32,Eternal Brushstrokes
2191,oil on canvas,medium,294047,645,Palette of Ages
2123,mixed media,extra large,118704,853,Collage of Echoes
2236,oil on canvas,large,256556,969,Carved Whispers
2934,photography,large,299697,979,Eternal Brushstrokes
2582,oil on canvas,extra large,374481,998,Pixel Reverberations
2125,history,medium,464494,592,Canvas Chronicles
2666,mixed media,medium,244714,857,Luminous Horizons
2109,mixed media,extra large,123401,944,Captured Essence
2586,oil on canvas,small,218269,994,Brushstrokes Through Time
2480,photography,extra large,151884,87,Palette of Ages
2903,oil on canvas,large,142670,846,Brushstrokes Through Time
2201,oil on canvas,medium,110002,669,Shadows and Silhouettes
2052,oil on canvas,small,152717,89,Pixel Reverberations
2354,sculpture,medium,327117,676,Frozen Moments
2873,photography,large,171032,439,Lens and Light
2429,water colour,extra large,311705,21,Collage of Echoes
2864,sculpture,extra large,180865,87,Carved Whispers
2267,photography,small,78788,838,Frozen Moments
2464,water colour,small,102828,667,Pixel Reverberations
2643,history,large,271302,776,Collage of Echoes
2578,water colour,large,259915,56,Eternal Brushstrokes
2055,photography,small,317395,75,Canvas Chronicles
2274,sculpture,small,468435,516,Eternal Brushstrokes
2857,water colour,small,39488,179,Frozen Moments
2788,oil on canvas,medium,377288,122,Carved Whispers
2766,water colour,medium,240029,937,Aqua Serenade
2281,sculpture,extra large,370042,110,Aqua Serenade
2184,sculpture,large,383335,561,Aqua Serenade
2218,sculpture,medium,115785,46,Palette of Ages
2078,mixed media,extra large,232682,711,Canvas Chronicles
2768,history,large,36714,799,Carved Whispers
2730,history,small,169645,505,Eternal Brushstrokes
2326,photography,medium,291913,809,Brushstrokes Through Time
2311,photography,small,253266,659,Palette of Ages
2226,photography,large,352577,279,Luminous Horizons
2869,sculpture,small,59450,934,Carved Whispers
2242,photography,medium,95645,312,Tangled Threads
2810,history,large,50356,976,Lens and Light
2402,history,medium,443996,892,Lens and Light
2070,sculpture,small,245123,188,Tangled Threads
2283,oil on canvas,small,499469,651,Pixel Reverberations
2898,history,large,22372,601,Palette of Ages
2270,water colour,small,286794,338,Captured Essence
2521,history,extra large,409174,315,Brushstrokes Through Time
2699,mixed media,large,12609,159,Brushstrokes Through Time
2950,oil on canvas,large,116833,804,Aqua Serenade
2157,mixed media,extra large,63075,950,Aqua Serenade
2345,mixed media,small,435778,801,Shadows and Silhouettes
2284,mixed media,medium,286782,897,Palette of Ages
2503,water colour,large,241577,523,Aqua Serenade
2960,mixed media,large,154606,9,Luminous Horizons
2527,water colour,extra large,303760,253,Aqua Serenade
2005,history,small,353794,587,Shadows and Silhouettes
2481,history,small,236635,941,Aqua Serenade
2109,oil on canvas,medium,348528,889,Luminous Horizons
2639,photography,large,471201,854,Canvas Chronicles
2066,sculpture,large,385648,64,Luminous Horizons
2380,photography,medium,184435,565,Pixel Reverberations
2895,water colour,medium,263675,657,Eternal Brushstrokes
2878,history,small,305057,694,Collage of Echoes
2111,history,small,90477,522,Brushstrokes Through Time
2381,mixed media,large,78983,157,Aqua Serenade
2110,mixed media,extra large,229684,802,Collage of Echoes
2522,history,large,175731,515,Aqua Serenade
2321,photography,large,77606,24,Lens and Light
2441,history,medium,17873,622,Lens and Light
2259,photography,small,218890,505,Frozen Moments
2973,sculpture,extra large,75474,98,Frozen Moments
2823,water colour,extra large,457326,997,Collage of Echoes
2283,oil on canvas,extra large,329258,151,Luminous Horizons
2057,oil on canvas,small,52330,65,Frozen Moments
2943,history,medium,144381,88,Canvas Chronicles
2454,water colour,large,31754,1,Palette of Ages
2373,mixed media,small,61424,375,Collage of Echoes
2177,history,extra large,448905,741,Frozen Moments
2953,sculpture,large,68709,459,Lens and Light
2033,mixed media,extra large,454216,949,Eternal Brushstrokes
2211,photography,medium,277053,340,Frozen Moments
2005,sculpture,small,276392,460,Tangled Threads
2926,sculpture,large,215669,526,Palette of Ages
2796,history,small,468127,502,Luminous Horizons
2448,mixed media,medium,70623,472,Captured Essence
2109,water colour,extra large,49098,587,Palette of Ages
2992,mixed media,large,30444,889,Carved Whispers
2721,sculpture,small,124931,947,Collage of Echoes
2656,history,medium,251541,580,Canvas Chronicles
2973,oil on canvas,small,461982,213,Tangled Threads
2851,water colour,extra large,457555,753,Tangled Threads
2675,oil on canvas,medium,340526,743,Aqua Serenade
2746,sculpture,extra large,141968,136,Palette of Ages
2823,water colour,small,441628,547,Captured Essence
2560,photography,extra large,60202,440,Pixel Reverberations
2624,photography,extra large,284642,904,Collage of Echoes
2122,water colour,small,226245,233,Tangled Threads
2643,sculpture,extra large,429734,626,Pixel Reverberations
2324,history,medium,15177,121,Palette of Ages
2948,sculpture,large,131067,600,Shadows and Silhouettes
2640,photography,large,424261,62,Eternal Brushstrokes
2147,photography,extra large,72481,978,Tangled Threads
2735,photography,medium,128526,152,Aqua Serenade
2963,mixed media,extra large,446812,622,Frozen Moments
2854,water colour,medium,318560,312,Carved Whispers
2050,history,medium,19887,560,Luminous Horizons
2600,history,small,411945,929,Tangled Threads
2575,history,small,493278,277,Palette of Ages
2839,photography,medium,105483,903,Frozen Moments
2954,sculpture,medium,170949,23,Aqua Serenade
2424,sculpture,medium,257005,779,Brushstrokes Through Time
2692,history,small,451978,856,Brushstrokes Through Time
2749,sculpture,large,68961,516,Canvas Chronicles
2291,sculpture,medium,209694,423,Palette of Ages
2589,history,medium,380599,237,Canvas Chronicles
2261,sculpture,small,324821,928,Tangled Threads
2180,sculpture,extra large,384806,792,Shadows and Silhouettes
2997,oil on canvas,medium,20997,428,Lens and Light
2843,oil on canvas,large,427105,454,Carved Whispers
2004,oil on canvas,large,81354,885,Aqua Serenade
2280,photography,medium,34493,152,Captured Essence
2854,mixed media,medium,415238,508,Pixel Reverberations
2564,sculpture,large,426086,377,Tangled Threads
2883,mixed media,medium,263754,323,Palette of Ages
2532,sculpture,large,384036,942,Captured Essence
2026,oil on canvas,medium,313733,973,Canvas Chronicles
2674,sculpture,large,294223,751,Canvas Chronicles
2658,mixed media,medium,467003,818,Lens and Light
2095,sculpture,small,290707,249,Carved Whispers
2566,mixed media,large,75076,602,Carved Whispers
2665,water colour,large,95281,530,Pixel Reverberations
2341,photography,extra large,288131,976,Lens and Light
2423,mixed media,small,440656,403,Tangled Threads
2565,oil on canvas,small,17751,806,Carved Whispers
2249,mixed media,large,186902,799,Collage of Echoes
2446,sculpture,medium,126734,599,Frozen Moments
2104,oil on canvas,extra large,54791,875,Captured Essence
2376,oil on canvas,large,226030,821,Lens and Light
2105,mixed media,extra large,177665,461,Lens and Light
2910,history,large,245198,273,Frozen Moments
2519,photography,large,155286,120,Carved Whispers
2344,sculpture,small,452596,18,Collage of Echoes
2279,photography,large,196274,574,Pixel Reverberations
2242,history,extra large,48459,124,Aqua Serenade
2206,sculpture,extra large,208188,24,Aqua Serenade
2680,water colour,medium,50100,915,Luminous Horizons
2810,mixed media,extra large,192351,12,Eternal Brushstrokes
2810,water colour,large,457696,458,Collage of Echoes
2612,water colour,extra large,44573,466,Brushstrokes Through Time
2189,history,medium,225365,806,Frozen Moments
2563,history,large,411291,856,Collage of Echoes
2482,history,medium,242920,539,Tangled Threads
2428,water colour,extra large,113985,352,Tangled Threads
2724,oil on canvas,extra large,20756,213,Captured Essence
2021,history,extra large,77878,98,Frozen Moments
2591,water colour,medium,282191,256,Pixel Reverberations
2205,sculpture,medium,243366,119,Canvas Chronicles
2925,oil on canvas,large,172656,515,Pixel Reverberations
2551,mixed media,small,313358,251,Captured Essence
2065,water colour,small,433720,291,Captured Essence
2282,water colour,small,441404,874,Luminous Horizons
2265,oil on canvas,extra large,324838,558,Frozen Moments
2219,photography,small,154686,788,Brushstrokes Through Time
2712,history,small,171845,218,Eternal Brushstrokes
2766,history,small,466561,452,Captured Essence
2655,mixed media,large,453192,708,Captured Essence
2669,water colour,large,344125,106,Palette of Ages
2567,history,small,192237,897,Pixel Reverberations
2062,history,extra large,478490,338,Tangled Threads
2723,oil on canvas,large,348214,627,Shadows and Silhouettes
2130,oil on canvas,extra large,23771,95,Pixel Reverberations
2692,water colour,small,298522,335,Captured Essence
2483,history,large,163563,514,Collage of Echoes
2602,mixed media,large,12563,307,Eternal Brushstrokes
2387,photography,extra large,497450,332,Captured Essence
2350,water colour,large,420082,64,Eternal Brushstrokes
2553,mixed media,medium,413210,726,Lens and Light
2952,oil on canvas,medium,380616,339,Palette of Ages
2023,sculpture,small,415674,913,Frozen Moments
2979,sculpture,large,178487,244,Shadows and Silhouettes
2383,mixed media,small,93718,487,Lens and Light
2775,water colour,large,10523,467,Lens and Light
2225,oil on canvas,small,217492,88,Lens and Light
2395,water colour,large,445563,983,Canvas Chronicles
2103,photography,large,498275,315,Lens and Light
2693,history,medium,114909,453,Aqua Serenade
2669,mixed media,small,456586,384,Lens and Light
2901,oil on canvas,large,367192,595,Tangled Threads
2287,photography,large,37756,407,Pixel Reverberations
2755,photography,small,26328,96,Collage of Echoes
2201,photography,small,335602,536,Collage of Echoes
2836,photography,extra large,337400,721,Canvas Chronicles
2317,sculpture,large,466884,259,Collage of Echoes
2494,history,extra large,455214,78,Collage of Echoes
2395,mixed media,small,186017,219,Eternal Brushstrokes
2375,sculpture,extra large,343323,338,Aqua Serenade
2256,water colour,extra large,182588,864,Palette of Ages
2577,oil on canvas,large,70905,997,Lens and Light
2042,water colour,medium,432859,933,Aqua Serenade
2268,oil on canvas,medium,444994,854,Lens and Light
2917,history,extra large,12157,117,Luminous Horizons
2927,mixed media,small,451215,287,Lens and Light
2560,oil on canvas,small,388584,38,Brushstrokes Through Time
2519,water colour,medium,262603,284,Canvas Chronicles
2168,sculpture,extra large,301066,911,Frozen Moments
2851,history,medium,252710,762,Aqua Serenade
2919,history,large,36005,402,Captured Essence
2550,sculpture,extra large,484528,671,Shadows and Silhouettes
2263,photography,large,245010,394,Captured Essence
2798,oil on canvas,extra large,484116,378,Brushstrokes Through Time
2819,oil on canvas,extra large,224874,752,Eternal Brushstrokes
2737,water colour,small,442674,319,Aqua Serenade
2229,oil on canvas,small,255818,417,Frozen Moments
2826,history,medium,44365,211,Pixel Reverberations
2657,history,medium,438403,723,Collage of Echoes
2792,oil on canvas,medium,54515,931,Shadows and Silhouettes
2190,sculpture,large,347347,824,Canvas Chronicles
2490,sculpture,small,374192,893,Palette of Ages
2555,water colour,medium,464579,670,Carved Whispers
2579,history,extra large,59818,641,Luminous Horizons
2800,mixed media,medium,485036,278,Tangled Threads
2201,mixed media,medium,356923,966,Frozen Moments
2385,sculpture,extra large,47445,891,Brushstrokes Through Time
2985,mixed media,large,163656,49,Pixel Reverberations
2332,sculpture,large,437909,791,Frozen Moments
2395,mixed media,large,465786,17,Palette of Ages
2459,water colour,medium,457414,436,Canvas Chronicles
2283,history,large,438238,351,Eternal Brushstrokes
2111,sculpture,extra large,294366,996,Frozen Moments
2151,sculpture,small,475934,427,Carved Whispers
2478,sculpture,small,372403,413,Luminous Horizons
2222,oil on canvas,small,320910,311,Lens and Light
2536,water colour,large,100338,253,Tangled Threads
2798,water colour,small,295780,248,Palette of Ages
2219,sculpture,small,293110,123,Brushstrokes Through Time
2231,photography,medium,285109,988,Carved Whispers
2599,photography,medium,225114,815,Captured Essence
2523,photography,large,298742,943,Palette of Ages
2666,sculpture,extra large,163271,437,Eternal Brushstrokes
2982,sculpture,small,21367,333,Luminous Horizons
2909,water colour,medium,77689,274,Pixel Reverberations
2320,mixed media,large,479774,320,Canvas Chronicles
2716,history,medium,192990,605,Pixel Reverberations
2900,photography,extra large,442432,160,Eternal Brushstrokes
2942,history,medium,352323,396,Tangled Threads
2823,oil on canvas,medium,197316,853,Lens and Light
2333,photography,medium,314072,520,Lens and Light
2699,oil on canvas,large,30030,1000,Eternal Brushstrokes
2064,sculpture,small,83132,502,Canvas Chronicles
2645,history,large,318176,578,Pixel Reverberations
2065,oil on canvas,extra large,238961,787,Collage of Echoes
2899,sculpture,large,450808,428,Shadows and Silhouettes
2115,oil on canvas,extra large,194475,644,Carved Whispers
2672,mixed media,medium,358914,608,Eternal Brushstrokes
2551,oil on canvas,medium,65003,51,Palette of Ages
2075,history,medium,91490,334,Brushstrokes Through Time
2595,oil on canvas,extra large,426770,935,Tangled Threads
2159,history,medium,367763,24,Pixel Reverberations
2894,history,extra large,42481,19,Luminous Horizons
2403,history,extra large,349580,394,Tangled Threads
2725,history,medium,332968,971,Carved Whispers
2968,mixed media,large,374604,250,Shadows and Silhouettes
2967,history,small,151471,240,Tangled Threads
2373,oil on canvas,extra large,366366,638,Captured Essence
2867,mixed media,extra large,150354,325,Tangled Threads
2142,history,extra large,31051,975,Canvas Chronicles
2202,mixed media,extra large,341112,827,Eternal Brushstrokes
2147,water colour,medium,189811,41,Eternal Brushstrokes
2953,history,large,166838,26,Canvas Chronicles
2771,sculpture,extra large,156799,875,Carved Whispers
2160,oil on canvas,extra large,348716,721,Carved Whispers
2589,photography,medium,28488,603,Frozen Moments
2349,oil on canvas,small,313372,405,Canvas Chronicles
2915,history,extra large,355682,981,Pixel Reverberations
2848,oil on canvas,small,266550,983,Collage of Echoes
2278,sculpture,small,229972,167,Pixel Reverberations
2177,photography,small,188002,739,Frozen Moments
2094,mixed media,small,237272,884,Eternal Brushstrokes
2513,history,small,216289,105,Palette of Ages
2345,water colour,small,170457,538,Pixel Reverberations
2118,history,large,331813,684,Shadows and Silhouettes
2739,sculpture,large,254023,89,Brushstrokes Through Time
2856,history,large,174026,894,Carved Whispers
2697,mixed media,large,445327,14,Aqua Serenade
2686,history,small,60661,477,Tangled Threads
2460,sculpture,small,369193,642,Carved Whispers
2336,oil on canvas,large,74975,371,Aqua Serenade
2889,photography,small,86398,875,Frozen Moments
2854,photography,large,30303,752,Pixel Reverberations
2896,history,medium,441160,650,Aqua Serenade
2960,mixed media,large,54343,786,Eternal Brushstrokes
2334,mixed media,large,456279,785,Carved Whispers
2969,photography,small,281308,949,Canvas Chronicles
2791,mixed media,large,53734,755,Frozen Moments
2354,oil on canvas,small,41219,63,Shadows and Silhouettes
2601,photography,small,209364,682,Eternal Brushstrokes
2149,water colour,large,321376,32,Palette of Ages
2058,water colour,extra large,161992,213,Canvas Chronicles
2823,history,extra large,59228,241,Lens and Light
2139,history,extra large,108043,265,Aqua Serenade
2918,sculpture,medium,367424,308,Eternal Brushstrokes
2193,sculpture,medium,118372,296,Lens and Light
2477,photography,small,296144,301,Collage of Echoes
2211,water colour,large,189012,763,Aqua Serenade
2984,photography,large,431874,469,Tangled Threads
2933,history,medium,386892,359,Pixel Reverberations
2265,water colour,medium,445727,226,Collage of Echoes
2624,history,large,84343,9,Luminous Horizons
2348,mixed media,medium,55889,775,Collage of Echoes
2790,photography,large,56017,22,Palette of Ages
2618,mixed media,large,103025,962,Shadows and Silhouettes
2772,photography,small,74366,122,Aqua Serenade
2031,oil on canvas,medium,110741,839,Brushstrokes Through Time
2284,sculpture,medium,106624,807,Shadows and Silhouettes
2901,history,extra large,324966,766,Tangled Threads
2691,oil on canvas,extra large,74195,527,Shadows and Silhouettes
2046,sculpture,medium,483003,866,Lens and Light
2977,oil on canvas,extra large,58970,867,Lens and Light
2216,sculpture,small,422522,89,Collage of Echoes
2969,water colour,large,176857,462,Collage of Echoes
2656,water colour,medium,70583,752,Shadows and Silhouettes
2807,sculpture,small,98285,271,Palette of Ages
2096,sculpture,large,267769,261,Pixel Reverberations
2942,sculpture,extra large,33367,269,Lens and Light
2960,mixed media,small,166333,644,Shadows and Silhouettes
2918,history,medium,222098,29,Carved Whispers
2744,history,large,451804,441,Palette of Ages
2725,history,extra large,66602,920,Brushstrokes Through Time
2857,history,large,438190,73,Collage of Echoes
2924,sculpture,extra large,329649,267,Tangled Threads
2675,photography,medium,79326,647,Tangled Threads
2887,oil on canvas,extra large,84415,238,Tangled Threads
2657,mixed media,extra large,415988,157,Collage of Echoes
2292,water colour,extra large,157287,953,Captured Essence
2231,sculpture,medium,258434,464,Collage of Echoes
2324,history,extra large,217222,418,Captured Essence
2933,water colour,small,397530,366,Tangled Threads
2844,photography,extra large,144987,184,Pixel Reverberations
2961,oil on canvas,small,49749,476,Canvas Chronicles
2617,oil on canvas,medium,426509,295,Eternal Brushstrokes
2496,photography,large,39128,256,Palette of Ages
2053,water colour,large,353182,274,Captured Essence
2887,sculpture,extra large,128634,979,Lens and Light
2446,oil on canvas,medium,222179,696,Collage of Echoes
2430,sculpture,small,280914,651,Shadows and Silhouettes
2918,mixed media,large,440538,182,Canvas Chronicles
2376,oil on canvas,small,439369,623,Lens and Light
2224,oil on canvas,large,478065,980,Pixel Reverberations
2085,water colour,large,244921,592,Canvas Chronicles
2623,water colour,large,281603,680,Lens and Light
2135,water colour,large,66392,758,Eternal Brushstrokes
2903,history,extra large,309421,121,Collage of Echoes
2543,sculpture,large,307001,783,Frozen Moments
2228,mixed media,extra large,26498,615,Frozen Moments
2098,oil on canvas,small,117047,128,Eternal Brushstrokes
2264,history,large,172198,808,Canvas Chronicles
2038,photography,medium,285113,359,Pixel Reverberations
2207,oil on canvas,extra large,302846,202,Tangled Threads
2631,mixed media,medium,403272,515,Pixel Reverberations
2551,sculpture,extra large,432101,613,Eternal Brushstrokes
2529,mixed media,medium,106009,499,Canvas Chronicles
2289,mixed media,medium,352331,329,Lens and Light
2460,water colour,extra large,54705,819,Brushstrokes Through Time
2983,mixed media,extra large,93975,864,Carved Whispers
2389,mixed media,extra large,63093,942,Brushstrokes Through Time
2194,sculpture,small,359325,437,Carved Whispers
2760,oil on canvas,large,248119,646,Collage of Echoes
2291,photography,medium,434257,666,Luminous Horizons
2493,history,small,284809,687,Captured Essence
2674,sculpture,large,457827,638,Captured Essence
2304,mixed media,extra large,454727,607,Tangled Threads
2436,photography,medium,133928,750,Captured Essence
2566,mixed media,large,214653,980,Frozen Moments
2609,history,small,380848,442,Palette of Ages
2775,water colour,medium,293556,782,Shadows and Silhouettes
2672,mixed media,medium,465943,994,Carved Whispers
2016,sculpture,small,235668,19,Pixel Reverberations
2085,photography,large,284255,656,Tangled Threads
2106,sculpture,large,211272,931,Captured Essence
2197,mixed media,medium,201391,855,Shadows and Silhouettes
2876,oil on canvas,extra large,413212,616,Eternal Brushstrokes
2416,mixed media,medium,140254,214,Aqua Serenade
2626,history,medium,196152,941,Shadows and Silhouettes
2125,mixed media,small,470174,992,Shadows and Silhouettes
2753,sculpture,small,111897,598,Lens and Light
2181,history,extra large,474874,643,Collage of Echoes
2698,sculpture,extra large,286513,304,Collage of Echoes
2364,photography,large,150714,470,Shadows and Silhouettes
2620,sculpture,large,19209,211,Pixel Reverberations
2858,water colour,extra large,389731,690,Palette of Ages
2662,photography,extra large,279119,578,Palette of Ages
2921,history,extra large,210717,535,Eternal Brushstrokes
2157,sculpture,small,414203,275,Carved Whispers
2632,oil on canvas,large,66106,543,Eternal Brushstrokes
2055,photography,extra large,378836,584,Brushstrokes Through Time
2840,history,medium,240547,685,Collage of Echoes
2898,sculpture,extra large,281163,814,Pixel Reverberations
2980,photography,small,249264,433,Collage of Echoes
2295,photography,medium,107075,128,Aqua Serenade
2693,photography,medium,170282,408,Eternal Brushstrokes
2855,water colour,large,96797,132,Carved Whispers
2100,history,large,189108,287,Tangled Threads
2051,photography,extra large,351640,191,Carved Whispers
2733,oil on canvas,large,406010,158,Pixel Reverberations
2206,photography,small,103745,24,Collage of Echoes
2907,history,large,120470,304,Luminous Horizons
2171,oil on canvas,large,231891,66,Palette of Ages
2558,history,large,219569,346,Captured Essence
2427,photography,large,421851,102,Luminous Horizons
2567,mixed media,extra large,308468,635,Shadows and Silhouettes
2678,sculpture,large,292842,482,Canvas Chronicles
2191,oil on canvas,small,456612,750,Aqua Serenade
2622,mixed media,extra large,35386,514,Luminous Horizons
2843,sculpture,medium,250212,210,Aqua Serenade
2463,oil on canvas,small,348241,894,Palette of Ages
2461,history,extra large,82441,813,Captured Essence
2118,mixed media,large,361957,1000,Lens and Light
2991,oil on canvas,large,100663,395,Pixel Reverberations
2824,water colour,small,329464,513,Luminous Horizons
2679,history,extra large,226488,606,Frozen Moments
2912,sculpture,small,269549,292,Eternal Brushstrokes
2751,photography,large,179518,189,Palette of Ages
2808,history,extra large,354486,905,Pixel Reverberations
2703,photography,small,375020,574,Canvas Chronicles
2520,photography,extra large,411916,876,Frozen Moments
2879,history,extra large,475893,225,Shadows and Silhouettes
2886,water colour,medium,491818,868,Shadows and Silhouettes
2362,sculpture,large,128344,79,Luminous Horizons
2224,water colour,extra large,219167,721,Tangled Threads
2956,sculpture,medium,499455,361,Captured Essence
2809,water colour,small,480799,215,Collage of Echoes
2937,sculpture,extra large,34181,841,Captured Essence
2327,water colour,extra large,426331,642,Lens and Light
2125,oil on canvas,large,402468,716,Collage of Echoes
2768,history,large,103186,841,Pixel Reverberations
2129,oil on canvas,small,416805,219,Tangled Threads
2413,history,medium,463821,299,Pixel Reverberations
2131,water colour,medium,137144,4,Lens and Light
2424,oil on canvas,extra large,403159,408,Luminous Horizons
2836,water colour,large,404459,847,Brushstrokes Through Time
2071,history,small,188948,800,Palette of Ages
2516,water colour,small,88299,338,Carved Whispers
2510,sculpture,large,401132,45,Captured Essence
2419,sculpture,extra large,313877,64,Carved Whispers
2060,history,large,30691,269,Captured Essence
2924,sculpture,medium,142387,534,Lens and Light
2503,mixed media,large,62252,634,Captured Essence
2738,photography,extra large,75511,670,Captured Essence
2415,photography,large,496954,867,Collage of Echoes
2190,sculpture,medium,341132,100,Captured Essence
2134,oil on canvas,extra large,84784,792,Lens and Light
2212,oil on canvas,extra large,474577,736,Eternal Brushstrokes
2079,photography,extra large,226685,285,Carved Whispers
2158,water colour,small,387918,807,Brushstrokes Through Time
2186,oil on canvas,small,270212,442,Brushstrokes Through Time
2095,oil on canvas,extra large,468154,21,Palette of Ages
2157,sculpture,medium,51674,860,Lens and Light
2501,water colour,extra large,283812,485,Carved Whispers
2057,photography,extra large,278412,383,Frozen Moments
2813,water colour,extra large,118068,148,Eternal Brushstrokes
2753,photography,small,324730,77,Eternal Brushstrokes
2801,water colour,medium,386897,751,Aqua Serenade
2405,mixed media,extra large,28700,833,Shadows and Silhouettes
2860,mixed media,extra large,143415,694,Shadows and Silhouettes
2759,oil on canvas,small,349412,554,Canvas Chronicles
2489,history,large,124467,808,Pixel Reverberations
2819,photography,large,315589,96,Palette of Ages
2111,photography,small,310837,79,Pixel Reverberations
2619,photography,medium,343629,300,Lens and Light
2599,photography,extra large,73040,194,Frozen Moments
2275,sculpture,large,50779,690,Frozen Moments
2569,oil on canvas,medium,362512,129,Carved Whispers
2431,oil on canvas,large,479340,795,Canvas Chronicles
2732,oil on canvas,small,486407,38,Palette of Ages
2258,water colour,large,41254,155,Frozen Moments
2988,oil on canvas,extra large,235202,848,Brushstrokes Through Time
2978,sculpture,extra large,102191,14,Captured Essence
2120,mixed media,extra large,461037,312,Lens and Light
2618,water colour,small,141553,759,Frozen Moments
2644,photography,medium,25602,647,Eternal Brushstrokes
2011,history,medium,130935,334,Shadows and Silhouettes
2606,photography,medium,193926,539,Canvas Chronicles
2076,photography,small,457918,363,Captured Essence
2845,photography,large,150125,763,Aqua Serenade
2492,oil on canvas,small,244699,259,Aqua Serenade
2095,history,medium,170315,989,Frozen Moments
2476,mixed media,small,133878,923,Carved Whispers
2167,mixed media,extra large,250633,146,Pixel Reverberations
2892,water colour,medium,86047,964,Eternal Brushstrokes
2801,oil on canvas,large,457032,718,Luminous Horizons
2976,photography,medium,331786,424,Palette of Ages
2874,history,small,152508,475,Aqua Serenade
2944,water colour,medium,401621,289,Eternal Brushstrokes
2985,water colour,large,212397,256,Palette of Ages
2034,water colour,large,359930,451,Captured Essence
2096,history,small,246968,775,Palette of Ages
2630,mixed media,large,401651,49,Carved Whispers
2661,water colour,large,231361,592,Collage of Echoes
2892,water colour,small,494501,166,Pixel Reverberations
2072,history,large,113965,117,Aqua Serenade
2533,oil on canvas,small,445495,465,Canvas Chronicles
2648,photography,extra large,34509,708,Tangled Threads
2497,history,medium,106613,167,Collage of Echoes
2937,oil on canvas,medium,495411,367,Brushstrokes Through Time
2483,sculpture,extra large,10550,669,Eternal Brushstrokes
2648,water colour,extra large,371393,952,Eternal Brushstrokes
2248,history,medium,478965,921,Palette of Ages
2678,water colour,small,487111,985,Luminous Horizons
2408,water colour,medium,273831,959,Aqua Serenade
2861,sculpture,small,12657,717,Collage of Echoes
2205,oil on canvas,medium,244834,660,Shadows and Silhouettes
2621,history,extra large,340781,323,Eternal Brushstrokes
2074,sculpture,small,447092,94,Tangled Threads
2385,mixed media,extra large,28668,676,Tangled Threads
2195,mixed media,extra large,464973,291,Frozen Moments
2829,mixed media,large,273661,318,Captured Essence
2241,history,extra large,362597,77,Luminous Horizons
2596,water colour,small,183544,546,Captured Essence
2211,mixed media,small,173048,282,Frozen Moments
2526,sculpture,small,114356,86,Lens and Light
2158,oil on canvas,small,327036,812,Frozen Moments
2919,photography,medium,289831,345,Collage of Echoes
2572,water colour,medium,61461,243,Carved Whispers
2841,oil on canvas,medium,422472,402,Frozen Moments
2702,photography,medium,255962,335,Brushstrokes Through Time
2713,water colour,small,267580,94,Palette of Ages
2807,mixed media,medium,155286,20,Brushstrokes Through Time
2274,photography,large,473377,432,Captured Essence
2643,water colour,extra large,425144,404,Eternal Brushstrokes
2876,mixed media,medium,318345,355,Shadows and Silhouettes
2078,photography,small,324601,638,Lens and Light
2865,oil on canvas,small,397092,750,Aqua Serenade
2722,photography,medium,22951,921,Palette of Ages
2563,history,medium,210312,663,Shadows and Silhouettes
2228,mixed media,large,37885,924,Luminous Horizons
2152,history,extra large,118447,970,Tangled Threads
2763,water colour,extra large,452023,155,Tangled Threads
2040,photography,small,56399,867,Palette of Ages
2891,water colour,small,350276,397,Aqua Serenade
2277,photography,large,415314,635,Carved Whispers
2470,mixed media,extra large,325944,890,Pixel Reverberations
2799,history,large,285475,641,Eternal Brushstrokes
2584,oil on canvas,medium,395126,883,Shadows and Silhouettes
2544,photography,large,292651,798,Captured Essence
2744,sculpture,small,261700,426,Shadows and Silhouettes
2098,history,extra large,124344,747,Frozen Moments
2369,mixed media,extra large,198152,249,Canvas Chronicles
2526,photography,small,451997,200,Frozen Moments
2796,water colour,medium,150922,175,Tangled Threads
2598,sculpture,small,226125,609,Palette of Ages
2252,oil on canvas,medium,482748,26,Palette of Ages
2392,oil on canvas,extra large,67334,19,Aqua Serenade
2735,mixed media,medium,285273,995,Shadows and Silhouettes
2558,history,small,317056,717,Tangled Threads
2602,oil on canvas,large,146678,3,Collage of Echoes
2803,photography,small,353461,294,Pixel Reverberations
2818,photography,large,421893,742,Frozen Moments
2941,history,large,254740,344,Lens and Light
2572,water colour,extra large,336350,254,Lens and Light
2380,water colour,medium,188807,212,Canvas Chronicles
2110,oil on canvas,extra large,365665,787,Tangled Threads
2291,water colour,large,54047,651,Eternal Brushstrokes
2221,photography,large,265619,137,Captured Essence
2725,history,medium,411769,747,Frozen Moments
2897,mixed media,extra large,341196,577,Captured Essence
2413,water colour,medium,211780,748,Carved Whispers
2225,water colour,large,342533,168,Carved Whispers
2145,photography,large,389776,189,Palette of Ages
2299,water colour,medium,486387,82,Canvas Chronicles
2624,oil on canvas,large,371999,34,Carved Whispers
2434,sculpture,extra large,388806,184,Pixel Reverberations
2161,mixed media,small,400516,881,Tangled Threads
2795,oil on canvas,small,490032,92,Eternal Brushstrokes
2816,sculpture,small,85495,139,Brushstrokes Through Time
2364,sculpture,small,384882,943,Brushstrokes Through Time
2827,photography,medium,479265,751,Shadows and Silhouettes
2698,history,small,321971,809,Canvas Chronicles
2578,sculpture,medium,392984,153,Aqua Serenade
2795,sculpture,extra large,137725,282,Captured Essence
2152,mixed media,small,126236,877,Tangled Threads
2720,water colour,extra large,13165,904,Shadows and Silhouettes
2580,photography,small,66087,132,Collage of Echoes
2067,history,small,229454,363,Palette of Ages
2967,sculpture,large,263616,64,Frozen Moments
2697,history,medium,341945,357,Pixel Reverberations
2857,water colour,large,143636,1000,Tangled Threads
2781,sculpture,large,446062,351,Tangled Threads
2795,history,extra large,445908,184,Shadows and Silhouettes
2614,mixed media,large,92401,741,Collage of Echoes
2941,sculpture,large,276840,74,Eternal Brushstrokes
2825,mixed media,large,292907,602,Pixel Reverberations
2820,oil on canvas,medium,308762,776,Frozen Moments
2113,sculpture,medium,498985,972,Shadows and Silhouettes
2408,sculpture,large,12215,511,Brushstrokes Through Time
2946,oil on canvas,extra large,488564,682,Brushstrokes Through Time
2724,mixed media,medium,395506,710,Luminous Horizons
2382,sculpture,small,207788,24,Carved Whispers
2758,sculpture,medium,215216,944,Canvas Chronicles
2869,history,large,375937,779,Brushstrokes Through Time
2825,sculpture,small,467806,607,Shadows and Silhouettes
2420,photography,extra large,31999,867,Brushstrokes Through Time
2995,sculpture,large,113247,345,Collage of Echoes
2434,oil on canvas,extra large,395997,419,Brushstrokes Through Time
2179,water colour,medium,422178,451,Tangled Threads
2585,water colour,small,334445,214,Shadows and Silhouettes
2186,mixed media,extra large,63041,179,Brushstrokes Through Time
2580,mixed media,medium,286957,182,Lens and Light
2148,history,large,86695,616,Carved Whispers
2920,sculpture,large,199715,352,Shadows and Silhouettes
2789,mixed media,extra large,331790,360,Shadows and Silhouettes
2589,water colour,large,121977,747,Frozen Moments
2532,history,medium,230930,688,Luminous Horizons
2694,oil on canvas,extra large,418639,590,Collage of Echoes
2025,sculpture,large,229994,317,Tangled Threads
2508,history,medium,473498,11,Shadows and Silhouettes
2072,oil on canvas,small,181544,66,Frozen Moments
2238,history,extra large,114052,294,Pixel Reverberations
2999,photography,extra large,401255,114,Aqua Serenade
2487,sculpture,small,430205,40,Aqua Serenade
2759,water colour,extra large,165366,885,Frozen Moments
2107,history,small,256869,563,Eternal Brushstrokes
2571,mixed media,extra large,431300,111,Luminous Horizons
2780,sculpture,large,157582,866,Palette of Ages
2278,photography,extra large,162781,611,Eternal Brushstrokes
2627,history,large,166250,835,Brushstrokes Through Time
2267,water colour,extra large,46520,246,Collage of Echoes
2176,sculpture,large,361109,100,Tangled Threads
2862,oil on canvas,medium,256969,189,Frozen Moments
2863,photography,medium,442082,545,Collage of Echoes
2112,water colour,medium,333053,68,Brushstrokes Through Time
2979,sculpture,extra large,21864,923,Frozen Moments
2518,oil on canvas,large,363370,951,Tangled Threads
2444,sculpture,large,29530,392,Shadows and Silhouettes
2396,oil on canvas,extra large,406351,421,Brushstrokes Through Time
2487,photography,extra large,219636,720,Carved Whispers
2489,water colour,large,62165,150,Pixel Reverberations
2412,oil on canvas,medium,230283,687,Luminous Horizons
2673,mixed media,large,447701,211,Palette of Ages
2585,water colour,small,483414,661,Collage of Echoes
2574,oil on canvas,extra large,414342,958,Pixel Reverberations
2664,water colour,medium,310648,300,Luminous Horizons
2430,photography,medium,167846,528,Captured Essence
2973,oil on canvas,small,399769,380,Shadows and Silhouettes
2642,history,large,199840,655,Captured Essence
2714,photography,large,288810,626,Palette of Ages
2097,sculpture,medium,120362,827,Collage of Echoes
2644,sculpture,medium,361081,964,Eternal Brushstrokes
2940,oil on canvas,small,203018,247,Aqua Serenade
2811,oil on canvas,large,180029,707,Canvas Chronicles
2885,history,extra large,251802,665,Shadows and Silhouettes
2443,history,medium,283317,190,Shadows and Silhouettes
2144,sculpture,medium,261541,544,Collage of Echoes
2739,history,medium,460604,525,Collage of Echoes
2055,water colour,medium,406311,319,Eternal Brushstrokes
2112,water colour,small,26113,699,Canvas Chronicles
2954,oil on canvas,extra large,204011,366,Brushstrokes Through Time
2510,history,extra large,404260,234,Palette of Ages
2286,sculpture,extra large,322081,263,Frozen Moments
2363,photography,medium,138568,423,Frozen Moments
2800,sculpture,extra large,287431,521,Palette of Ages
3000,sculpture,small,159562,122,Collage of Echoes
2217,history,small,484185,618,Aqua Serenade
2058,history,large,96828,171,Brushstrokes Through Time
2665,water colour,medium,328127,517,Frozen Moments
2917,photography,small,311268,632,Aqua Serenade
2829,water colour,large,22637,587,Palette of Ages
2625,photography,small,199717,900,Carved Whispers
2163,sculpture,medium,343436,683,Lens and Light
2620,sculpture,medium,473796,749,Canvas Chronicles
2588,oil on canvas,extra large,251567,1,Lens and Light
2456,mixed media,large,477303,203,Collage of Echoes
2541,sculpture,small,440296,931,Canvas Chronicles
2858,mixed media,extra large,125322,573,Captured Essence
2783,history,large,372509,729,Canvas Chronicles
2900,sculpture,medium,443185,280,Aqua Serenade
2204,water colour,small,195198,933,Shadows and Silhouettes
2261,history,extra large,98993,868,Shadows and Silhouettes
2433,oil on canvas,large,256170,976,Eternal Brushstrokes
2412,sculpture,large,462954,34,Captured Essence
2033,oil on canvas,small,393630,986,Shadows and Silhouettes
2802,sculpture,medium,53216,284,Tangled Threads
2823,photography,large,446986,752,Eternal Brushstrokes
2266,oil on canvas,small,198206,827,Pixel Reverberations
2100,mixed media,large,293186,95,Tangled Threads
2246,mixed media,extra large,75267,922,Carved Whispers
2458,oil on canvas,extra large,39362,61,Canvas Chronicles
2927,sculpture,large,172211,389,Luminous Horizons
2604,oil on canvas,small,201122,908,Carved Whispers
2841,sculpture,extra large,469084,75,Eternal Brushstrokes
2652,photography,small,456206,291,Eternal Brushstrokes
2357,sculpture,extra large,321755,643,Shadows and Silhouettes
2958,water colour,medium,120279,611,Tangled Threads
2539,history,small,451189,60,Captured Essence
2348,water colour,medium,140451,393,Collage of Echoes
2004,history,extra large,172646,278,Canvas Chronicles
2128,sculpture,small,430003,263,Captured Essence
2897,mixed media,small,344153,827,Luminous Horizons
2554,history,medium,493449,834,Aqua Serenade
2835,water colour,extra large,362945,951,Eternal Brushstrokes
2991,water colour,medium,95470,556,Palette of Ages
2956,photography,small,65704,204,Frozen Moments
2466,water colour,small,322503,391,Tangled Threads
2522,water colour,extra large,431807,114,Aqua Serenade
2692,history,extra large,246780,469,Shadows and Silhouettes
2148,history,extra large,239453,685,Lens and Light
2064,water colour,medium,63664,529,Luminous Horizons
2534,water colour,extra large,361239,7,Pixel Reverberations
2538,water colour,small,341608,854,Frozen Moments
2131,water colour,extra large,331670,986,Carved Whispers
2489,mixed media,large,242422,916,Lens and Light
2092,photography,extra large,496750,378,Eternal Brushstrokes
2615,sculpture,large,363247,562,Palette of Ages
2452,oil on canvas,extra large,396166,744,Frozen Moments
2075,photography,large,325523,770,Shadows and Silhouettes
2900,mixed media,large,57177,916,Lens and Light
2147,sculpture,extra large,196506,1000,Aqua Serenade
2711,history,extra large,459166,756,Canvas Chronicles
2112,photography,extra large,107524,67,Pixel Reverberations
2515,photography,small,197982,270,Tangled Threads
2482,oil on canvas,medium,467420,298,Captured Essence
2146,oil on canvas,small,466803,114,Frozen Moments
2750,mixed media,large,406785,167,Captured Essence
2555,water colour,extra large,99569,302,Carved Whispers
2707,water colour,medium,214458,950,Brushstrokes Through Time
2372,mixed media,large,64667,929,Brushstrokes Through Time
2427,oil on canvas,medium,484778,961,Palette of Ages
2856,sculpture,extra large,397015,117,Luminous Horizons
2656,oil on canvas,extra large,54698,497,Eternal Brushstrokes
2904,history,small,270494,538,Canvas Chronicles
2975,water colour,small,414019,475,Pixel Reverberations
2568,oil on canvas,large,57863,811,Pixel Reverberations
2696,sculpture,extra large,103536,337,Palette of Ages
2500,mixed media,small,493960,214,Eternal Brushstrokes
2484,mixed media,large,71524,597,Carved Whispers
2412,sculpture,medium,453786,143,Aqua Serenade
2725,water colour,medium,326605,917,Brushstrokes Through Time
2146,water colour,extra large,124237,212,Frozen Moments
2970,mixed media,medium,179474,8,Eternal Brushstrokes
2653,history,small,47584,625,Palette of Ages
2363,oil on canvas,small,381560,518,Aqua Serenade
2270,photography,medium,369944,218,Palette of Ages
2570,mixed media,small,165175,337,Captured Essence
2386,history,extra large,13985,67,Brushstrokes Through Time
2241,oil on canvas,large,208288,76,Luminous Horizons
2751,history,small,303687,681,Canvas Chronicles
2077,photography,small,75790,922,Palette of Ages
2380,oil on canvas,medium,19445,535,Tangled Threads
2288,oil on canvas,large,399235,322,Brushstrokes Through Time
2087,oil on canvas,extra large,29155,880,Pixel Reverberations
2427,mixed media,medium,313312,595,Frozen Moments
2928,oil on canvas,extra large,335151,22,Shadows and Silhouettes
2146,oil on canvas,large,451216,514,Eternal Brushstrokes
2957,water colour,extra large,32457,867,Captured Essence
2505,sculpture,extra large,451382,431,Luminous Horizons
2849,oil on canvas,small,115441,586,Captured Essence
2683,history,medium,112910,8,Aqua Serenade
3000,water colour,medium,125957,96,Aqua Serenade
2660,oil on canvas,small,325100,928,Captured Essence
2532,oil on canvas,small,383995,867,Captured Essence
2268,water colour,extra large,242145,170,Carved Whispers
2734,history,large,240959,156,Aqua Serenade
2665,sculpture,large,91423,207,Aqua Serenade
2901,sculpture,small,198084,575,Palette of Ages
2114,oil on canvas,extra large,270949,85,Palette of Ages
2044,history,small,471861,108,Canvas Chronicles
2647,oil on canvas,small,307857,843,Collage of Echoes
2001,history,extra large,105650,655,Luminous Horizons
2164,oil on canvas,small,147101,194,Brushstrokes Through Time
2421,water colour,small,24803,323,Pixel Reverberations
2096,oil on canvas,large,152791,68,Aqua Serenade
2531,water colour,large,58282,291,Shadows and Silhouettes
2278,photography,small,257302,458,Eternal Brushstrokes
2312,mixed media,extra large,379940,560,Shadows and Silhouettes
2816,photography,small,391544,557,Tangled Threads
2694,mixed media,small,242296,180,Collage of Echoes
2958,mixed media,small,235858,778,Frozen Moments
2254,sculpture,medium,121180,238,Brushstrokes Through Time
2386,history,small,188223,397,Pixel Reverberations
2165,mixed media,extra large,167669,706,Collage of Echoes
2243,sculpture,small,258062,922,Palette of Ages
2052,water colour,large,212688,494,Carved Whispers
2298,history,small,415873,487,Collage of Echoes
2911,sculpture,small,432293,140,Eternal Brushstrokes
2002,photography,small,377336,958,Carved Whispers
2139,water colour,medium,305379,549,Palette of Ages
2663,oil on canvas,extra large,32485,99,Eternal Brushstrokes
2972,water colour,small,358342,738,Canvas Chronicles
2189,photography,small,329962,577,Lens and Light
2236,history,medium,201819,311,Carved Whispers
2641,mixed media,extra large,183162,142,Eternal Brushstrokes
2770,mixed media,small,409189,303,Pixel Reverberations
2421,mixed media,large,102147,293,Lens and Light
2004,mixed media,large,68997,697,Pixel Reverberations
2881,water colour,medium,74823,717,Palette of Ages
2439,sculpture,extra large,54645,209,Luminous Horizons
2045,sculpture,small,461755,531,Lens and Light
2113,history,small,111950,697,Carved Whispers
2300,history,medium,270259,479,Shadows and Silhouettes
2182,mixed media,medium,414483,181,Lens and Light
2452,photography,large,428885,651,Captured Essence
2964,sculpture,extra large,82285,374,Captured Essence
2379,water colour,extra large,289267,888,Lens and Light
2051,history,medium,383998,467,Frozen Moments
2744,water colour,small,391000,592,Brushstrokes Through Time
2218,history,large,154325,751,Collage of Echoes
2066,sculpture,large,75870,658,Luminous Horizons
2064,oil on canvas,large,271910,559,Lens and Light
2518,water colour,medium,314675,56,Collage of Echoes
2515,water colour,large,165552,393,Eternal Brushstrokes
2506,water colour,medium,238893,955,Collage of Echoes
2848,sculpture,medium,170098,879,Eternal Brushstrokes
2377,water colour,small,399010,175,Captured Essence
2112,oil on canvas,small,398974,297,Collage of Echoes
2568,water colour,medium,102556,319,Palette of Ages
2516,water colour,extra large,52911,633,Eternal Brushstrokes
2173,mixed media,medium,110603,77,Tangled Threads
2236,history,extra large,403567,998,Lens and Light
2807,photography,small,11584,236,Pixel Reverberations
2880,history,medium,215944,917,Carved Whispers
2939,water colour,medium,95891,334,Lens and Light
2649,oil on canvas,small,337672,284,Canvas Chronicles
2428,oil on canvas,extra large,389189,882,Eternal Brushstrokes
2631,photography,medium,435759,786,Canvas Chronicles
2577,water colour,extra large,408218,170,Tangled Threads
2644,oil on canvas,small,460961,465,Carved Whispers
2906,water colour,large,387483,685,Tangled Threads
2735,oil on canvas,small,59480,22,Collage of Echoes
2522,photography,medium,426282,815,Tangled Threads
2725,water colour,small,312323,110,Shadows and Silhouettes
2211,photography,medium,342037,27,Palette of Ages
2662,oil on canvas,medium,295512,651,Carved Whispers
2569,photography,medium,433181,165,Lens and Light
2496,mixed media,medium,161097,952,Palette of Ages
2204,water colour,medium,352978,312,Frozen Moments
2950,history,small,101590,143,Brushstrokes Through Time
2202,mixed media,large,328779,146,Captured Essence
2479,photography,extra large,193525,718,Luminous Horizons
2706,mixed media,large,192575,162,Luminous Horizons
2082,mixed media,small,163981,308,Captured Essence
2886,history,large,271749,666,Brushstrokes Through Time
2350,photography,extra large,412077,269,Tangled Threads
2828,mixed media,extra large,349020,842,Tangled Threads
2679,photography,small,179427,939,Frozen Moments
2784,water colour,large,89202,945,Shadows and Silhouettes
2539,history,medium,201215,663,Collage of Echoes
2044,history,extra large,304972,591,Lens and Light
2805,mixed media,extra large,461543,6,Canvas Chronicles
2226,water colour,small,160314,883,Luminous Horizons
2201,history,extra large,266117,430,Aqua Serenade
2015,oil on canvas,extra large,496822,785,Tangled Threads
2242,history,medium,223464,490,Palette of Ages
2203,water colour,extra large,285447,260,Collage of Echoes
2501,water colour,large,227941,74,Lens and Light
2972,oil on canvas,extra large,365131,688,Canvas Chronicles
2387,mixed media,large,351077,1000,Lens and Light
2676,mixed media,small,329669,513,Carved Whispers
2626,photography,small,105721,528,Captured Essence
2667,oil on canvas,medium,252131,935,Carved Whispers
2110,oil on canvas,small,92906,75,Frozen Moments
2736,mixed media,small,41958,835,Brushstrokes Through Time
2788,mixed media,large,441567,631,Brushstrokes Through Time
2502,history,extra large,145494,516,Aqua Serenade
2789,history,extra large,128514,931,Collage of Echoes
2435,sculpture,small,154124,972,Frozen Moments
2957,history,medium,417391,199,Shadows and Silhouettes
2494,water colour,large,308128,77,Collage of Echoes
2512,water colour,medium,382833,596,Aqua Serenade
2002,mixed media,extra large,468165,100,Aqua Serenade
2505,sculpture,extra large,195861,50,Brushstrokes Through Time
2125,oil on canvas,small,233682,448,Brushstrokes Through Time
2929,water colour,extra large,289912,985,Brushstrokes Through Time
2761,sculpture,large,26260,813,Tangled Threads
2165,oil on canvas,extra large,306348,380,Carved Whispers
2508,mixed media,extra large,102442,766,Frozen Moments
2273,sculpture,small,459817,752,Brushstrokes Through Time
2858,oil on canvas,medium,403157,411,Pixel Reverberations
2899,history,large,436673,38,Carved Whispers
2971,sculpture,medium,57954,351,Lens and Light
2885,oil on canvas,large,442007,274,Frozen Moments
2473,water colour,extra large,111492,625,Frozen Moments
2812,photography,extra large,216974,846,Canvas Chronicles
2410,sculpture,small,399386,745,Collage of Echoes
2157,photography,medium,284413,421,Shadows and Silhouettes
2338,water colour,small,68458,543,Brushstrokes Through Time
2748,sculpture,small,306037,450,Aqua Serenade
2171,history,medium,495529,777,Captured Essence
2595,photography,extra large,449239,346,Tangled Threads
2261,water colour,small,110924,526,Palette of Ages
2971,sculpture,large,265578,633,Tangled Threads
2459,sculpture,extra large,71156,854,Lens and Light
2064,history,medium,460521,150,Frozen Moments
2507,history,extra large,191195,643,Frozen Moments
2419,sculpture,small,319946,801,Captured Essence
2118,photography,small,195645,977,Shadows and Silhouettes
2440,oil on canvas,medium,362065,348,Lens and Light
2694,history,extra large,65328,412,Palette of Ages
2753,oil on canvas,medium,358083,57,Carved Whispers
2696,history,small,376622,607,Pixel Reverberations
2811,mixed media,small,122584,68,Carved Whispers
2708,mixed media,small,398920,976,Luminous Horizons
2210,sculpture,extra large,178284,797,Carved Whispers
2321,mixed media,large,219358,697,Brushstrokes Through Time
2443,sculpture,large,335149,413,Palette of Ages
2374,water colour,large,410648,831,Tangled Threads
2133,oil on canvas,large,419280,704,Pixel Reverberations
2630,mixed media,extra large,284914,45,Tangled Threads
2769,photography,medium,97173,498,Carved Whispers
2689,mixed media,extra large,258702,178,Eternal Brushstrokes
2920,mixed media,small,342866,684,Brushstrokes Through Time
2249,water colour,medium,491958,82,Pixel Reverberations
2240,sculpture,large,366786,537,Frozen Moments
2522,history,extra large,278012,546,Palette of Ages
2920,water colour,extra large,215317,673,Shadows and Silhouettes
2459,mixed media,extra large,307457,761,Captured Essence
2374,water colour,large,414926,355,Captured Essence
2881,history,extra large,419334,583,Collage of Echoes
2732,oil on canvas,large,417188,981,Pixel Reverberations
2269,sculpture,medium,356344,191,Canvas Chronicles
2238,photography,large,170087,537,Collage of Echoes
2047,photography,medium,46856,304,Canvas Chronicles
2752,water colour,extra large,357589,694,Lens and Light
2023,history,medium,185729,352,Tangled Threads
2199,oil on canvas,medium,113974,974,Aqua Serenade
2628,sculpture,large,371054,930,Captured Essence
2672,mixed media,large,262613,467,Luminous Horizons
2951,mixed media,small,267899,760,Pixel Reverberations
2357,water colour,large,221248,209,Aqua Serenade
2137,history,medium,199570,114,Luminous Horizons
2625,water colour,extra large,317339,703,Carved Whispers
2120,history,large,22184,747,Palette of Ages
2207,photography,small,237399,521,Eternal Brushstrokes
2857,oil on canvas,medium,39109,553,Brushstrokes Through Time
2345,sculpture,medium,215112,889,Carved Whispers
2596,oil on canvas,medium,424747,2,Carved Whispers
2550,photography,small,418032,527,Luminous Horizons
2969,oil on canvas,extra large,115552,619,Carved Whispers
2836,oil on canvas,medium,242357,378,Lens and Light
2734,water colour,extra large,348286,302,Palette of Ages
2155,oil on canvas,large,464179,661,Palette of Ages
2753,sculpture,medium,47455,457,Aqua Serenade
2155,photography,extra large,221626,135,Pixel Reverberations
2868,oil on canvas,medium,258352,281,Captured Essence
2018,mixed media,medium,370431,374,Brushstrokes Through Time
2523,water colour,extra large,273164,40,Frozen Moments
2597,water colour,medium,254949,895,Frozen Moments
2945,photography,large,327392,721,Aqua Serenade
2118,history,large,222483,365,Eternal Brushstrokes
2058,mixed media,large,296220,46,Pixel Reverberations
2800,photography,small,444279,646,Luminous Horizons
2069,oil on canvas,large,389696,193,Shadows and Silhouettes
2646,water colour,medium,393513,538,Eternal Brushstrokes
2300,sculpture,large,302146,985,Brushstrokes Through Time
2619,water colour,small,31153,510,Eternal Brushstrokes
2687,mixed media,medium,224897,454,Tangled Threads
2014,water colour,large,196147,215,Canvas Chronicles
2939,history,extra large,84832,962,Aqua Serenade
2834,oil on canvas,medium,89939,545,Palette of Ages
2591,sculpture,medium,47870,152,Captured Essence
2308,sculpture,small,383025,646,Luminous Horizons
2408,photography,large,71694,797,Pixel Reverberations
2353,history,extra large,145481,251,Pixel Reverberations
2932,sculpture,small,52331,137,Aqua Serenade
2436,mixed media,small,193784,73,Pixel Reverberations
2755,photography,large,298054,160,Captured Essence
2914,photography,extra large,413970,924,Brushstrokes Through Time
2886,history,medium,166917,135,Frozen Moments
2616,mixed media,extra large,349653,987,Palette of Ages
2467,sculpture,medium,454588,888,Tangled Threads
2257,water colour,large,96012,471,Luminous Horizons
2383,water colour,large,81133,362,Carved Whispers
2989,photography,large,25651,846,Pixel Reverberations
2868,oil on canvas,large,135319,498,Carved Whispers
2452,oil on canvas,large,408063,466,Eternal Brushstrokes
2499,water colour,medium,152562,629,Brushstrokes Through Time
2815,photography,large,128099,970,Luminous Horizons
2568,oil on canvas,large,92825,716,Pixel Reverberations
2728,history,small,285676,859,Captured Essence
2098,photography,small,443304,613,Palette of Ages
2205,water colour,medium,262234,804,Canvas Chronicles
2921,water colour,small,30581,116,Frozen Moments
2935,mixed media,medium,129117,589,Palette of Ages
2742,water colour,large,118244,375,Palette of Ages
2327,history,medium,210297,890,Pixel Reverberations
2770,photography,large,116811,709,Lens and Light
