exhibitiob_id,title ,start_date,submission_date
1020,Palette of Ages,2024-01-06,2024-01-08
1470,Carved Whispers,2024-01-03,2024-01-27
1158,Frozen Moments,2024-01-03,2024-01-13
1535,Tangled Threads,2024-01-07,2024-01-02
1208,Aqua Serenade,2024-01-07,2024-01-06
1093,Tangled Threads,2024-01-09,2024-01-06
1625,Luminous Horizons,2024-01-05,2024-01-12
1863,Eternal Brushstrokes,2024-01-05,2024-01-12
1537,Pixel Reverberations,2024-01-05,2024-01-09
1714,Pixel Reverberations,2024-01-07,2024-01-14
1288,Pixel Reverberations,2024-01-06,2024-01-19
1928,Canvas Chronicles,2024-01-04,2024-01-16
1995,Pixel Reverberations,2024-01-06,2024-01-15
1433,Canvas Chronicles,2024-01-01,2024-01-09
1976,Shadows and Silhouettes,2024-01-08,2024-01-16
1266,Tangled Threads,2024-01-09,2024-01-06
1015,Brushstrokes Through Time,2024-01-04,2024-01-01
1136,Aqua Serenade,2024-01-06,2024-01-19
1486,Eternal Brushstrokes,2024-01-02,2024-01-26
1246,Palette of Ages,2024-01-09,2024-01-01
1800,Collage of Echoes,2024-01-08,2024-01-21
1642,Carved Whispers,2024-01-03,2024-01-04
1990,Eternal Brushstrokes,2024-01-03,2024-01-30
1800,Pixel Reverberations,2024-01-04,2024-01-02
1457,Canvas Chronicles,2024-01-04,2024-01-13
1329,Luminous Horizons,2024-01-08,2024-01-25
1309,Captured Essence,2024-01-08,2024-01-29
1778,Brushstrokes Through Time,2024-01-07,2024-01-21
1621,Palette of Ages,2024-01-04,2024-01-02
1854,Brushstrokes Through Time,2024-01-05,2024-01-14
1272,Shadows and Silhouettes,2024-01-02,2024-01-15
1782,Pixel Reverberations,2024-01-03,2024-01-21
1175,Frozen Moments,2024-01-05,2024-01-26
1330,Lens and Light,2024-01-09,2024-01-15
1589,Collage of Echoes,2024-01-03,2024-01-29
1726,Carved Whispers,2024-01-05,2024-01-04
1434,Frozen Moments,2024-01-03,2024-01-29
1415,Pixel Reverberations,2024-01-06,2024-01-18
1851,Collage of Echoes,2024-01-05,2024-01-21
1142,Eternal Brushstrokes,2024-01-08,2024-01-10
1956,Canvas Chronicles,2024-01-04,2024-01-03
1282,Eternal Brushstrokes,2024-01-05,2024-01-23
1542,Frozen Moments,2024-01-01,2024-01-27
1765,Carved Whispers,2024-01-03,2024-01-14
1647,Aqua Serenade,2024-01-05,2024-01-27
1541,Aqua Serenade,2024-01-01,2024-01-29
1887,Aqua Serenade,2024-01-07,2024-01-24
1923,Palette of Ages,2024-01-02,2024-01-18
1008,Canvas Chronicles,2024-01-02,2024-01-09
1360,Carved Whispers,2024-01-01,2024-01-20
1671,Eternal Brushstrokes,2024-01-06,2024-01-26
1515,Brushstrokes Through Time,2024-01-03,2024-01-24
1780,Palette of Ages,2024-01-05,2024-01-02
1283,Luminous Horizons,2024-01-05,2024-01-28
1610,Carved Whispers,2024-01-09,2024-01-20
1331,Tangled Threads,2024-01-03,2024-01-12
1155,Lens and Light,2024-01-03,2024-01-05
1980,Lens and Light,2024-01-03,2024-01-12
1485,Tangled Threads,2024-01-08,2024-01-15
1488,Pixel Reverberations,2024-01-09,2024-01-13
1573,Palette of Ages,2024-01-06,2024-01-07
1243,Captured Essence,2024-01-08,2024-01-18
1701,Brushstrokes Through Time,2024-01-01,2024-01-25
1052,Brushstrokes Through Time,2024-01-02,2024-01-05
1670,Aqua Serenade,2024-01-09,2024-01-05
1166,Aqua Serenade,2024-01-08,2024-01-22
1474,Shadows and Silhouettes,2024-01-08,2024-01-19
1547,Palette of Ages,2024-01-04,2024-01-13
1731,Aqua Serenade,2024-01-08,2024-01-22
1339,Luminous Horizons,2024-01-07,2024-01-18
1588,Aqua Serenade,2024-01-05,2024-01-24
1422,Shadows and Silhouettes,2024-01-04,2024-01-05
1181,Aqua Serenade,2024-01-01,2024-01-24
1170,Luminous Horizons,2024-01-05,2024-01-21
1698,Canvas Chronicles,2024-01-04,2024-01-08
1203,Luminous Horizons,2024-01-09,2024-01-30
1056,Pixel Reverberations,2024-01-01,2024-01-20
1666,Eternal Brushstrokes,2024-01-08,2024-01-04
1287,Collage of Echoes,2024-01-05,2024-01-30
1228,Brushstrokes Through Time,2024-01-05,2024-01-12
1641,Aqua Serenade,2024-01-02,2024-01-09
1045,Collage of Echoes,2024-01-07,2024-01-01
1814,Aqua Serenade,2024-01-03,2024-01-29
1030,Lens and Light,2024-01-09,2024-01-23
1345,Lens and Light,2024-01-03,2024-01-24
1014,Frozen Moments,2024-01-05,2024-01-28
1980,Frozen Moments,2024-01-09,2024-01-09
1822,Collage of Echoes,2024-01-02,2024-01-16
1888,Luminous Horizons,2024-01-06,2024-01-20
1149,Frozen Moments,2024-01-07,2024-01-04
1053,Canvas Chronicles,2024-01-03,2024-01-24
1504,Palette of Ages,2024-01-02,2024-01-04
1113,Collage of Echoes,2024-01-08,2024-01-19
1772,Frozen Moments,2024-01-06,2024-01-17
1881,Lens and Light,2024-01-08,2024-01-03
1481,Eternal Brushstrokes,2024-01-03,2024-01-05
1580,Frozen Moments,2024-01-09,2024-01-17
1835,Tangled Threads,2024-01-09,2024-01-25
1100,Palette of Ages,2024-01-06,2024-01-20
1152,Luminous Horizons,2024-01-08,2024-01-26
1827,Captured Essence,2024-01-03,2024-01-04
1167,Palette of Ages,2024-01-03,2024-01-03
1203,Carved Whispers,2024-01-04,2024-01-25
1256,Collage of Echoes,2024-01-06,2024-01-16
1096,Canvas Chronicles,2024-01-04,2024-01-07
1700,Tangled Threads,2024-01-09,2024-01-19
1111,Tangled Threads,2024-01-01,2024-01-04
1634,Aqua Serenade,2024-01-02,2024-01-30
1329,Palette of Ages,2024-01-01,2024-01-21
1191,Captured Essence,2024-01-03,2024-01-08
1185,Pixel Reverberations,2024-01-03,2024-01-04
1056,Collage of Echoes,2024-01-08,2024-01-17
1248,Tangled Threads,2024-01-09,2024-01-18
1844,Pixel Reverberations,2024-01-05,2024-01-25
1648,Palette of Ages,2024-01-03,2024-01-02
1956,Shadows and Silhouettes,2024-01-06,2024-01-06
1048,Eternal Brushstrokes,2024-01-07,2024-01-14
1208,Tangled Threads,2024-01-05,2024-01-11
1416,Aqua Serenade,2024-01-07,2024-01-10
1159,Frozen Moments,2024-01-08,2024-01-08
1194,Carved Whispers,2024-01-05,2024-01-05
1241,Luminous Horizons,2024-01-04,2024-01-22
1447,Tangled Threads,2024-01-07,2024-01-04
1539,Palette of Ages,2024-01-05,2024-01-09
1448,Frozen Moments,2024-01-02,2024-01-07
1352,Aqua Serenade,2024-01-06,2024-01-06
1050,Brushstrokes Through Time,2024-01-04,2024-01-03
1579,Brushstrokes Through Time,2024-01-08,2024-01-28
1783,Canvas Chronicles,2024-01-06,2024-01-02
1592,Palette of Ages,2024-01-04,2024-01-01
1637,Canvas Chronicles,2024-01-09,2024-01-12
1217,Tangled Threads,2024-01-06,2024-01-10
1550,Shadows and Silhouettes,2024-01-04,2024-01-06
1921,Lens and Light,2024-01-06,2024-01-13
1103,Carved Whispers,2024-01-07,2024-01-11
1736,Aqua Serenade,2024-01-05,2024-01-17
1262,Captured Essence,2024-01-03,2024-01-25
1324,Pixel Reverberations,2024-01-07,2024-01-24
1702,Tangled Threads,2024-01-08,2024-01-30
1035,Palette of Ages,2024-01-02,2024-01-09
1269,Captured Essence,2024-01-02,2024-01-17
1617,Canvas Chronicles,2024-01-01,2024-01-09
1407,Canvas Chronicles,2024-01-03,2024-01-22
1254,Lens and Light,2024-01-03,2024-01-24
1457,Carved Whispers,2024-01-07,2024-01-02
1927,Carved Whispers,2024-01-04,2024-01-28
1578,Pixel Reverberations,2024-01-05,2024-01-18
1277,Lens and Light,2024-01-04,2024-01-02
1631,Tangled Threads,2024-01-01,2024-01-05
1790,Carved Whispers,2024-01-03,2024-01-04
1676,Collage of Echoes,2024-01-04,2024-01-16
1137,Frozen Moments,2024-01-04,2024-01-26
1556,Captured Essence,2024-01-04,2024-01-20
1240,Lens and Light,2024-01-07,2024-01-04
1622,Lens and Light,2024-01-04,2024-01-01
1440,Frozen Moments,2024-01-06,2024-01-30
1808,Carved Whispers,2024-01-08,2024-01-18
1695,Collage of Echoes,2024-01-05,2024-01-16
1766,Pixel Reverberations,2024-01-03,2024-01-01
1137,Aqua Serenade,2024-01-09,2024-01-13
1286,Aqua Serenade,2024-01-03,2024-01-08
1513,Luminous Horizons,2024-01-05,2024-01-13
1615,Eternal Brushstrokes,2024-01-03,2024-01-19
1578,Collage of Echoes,2024-01-02,2024-01-30
1689,Brushstrokes Through Time,2024-01-01,2024-01-20
1476,Frozen Moments,2024-01-09,2024-01-23
1843,Collage of Echoes,2024-01-04,2024-01-08
1225,Tangled Threads,2024-01-09,2024-01-23
1832,Tangled Threads,2024-01-08,2024-01-16
1955,Captured Essence,2024-01-02,2024-01-07
1564,Frozen Moments,2024-01-09,2024-01-25
1670,Pixel Reverberations,2024-01-07,2024-01-30
1867,Canvas Chronicles,2024-01-04,2024-01-08
1880,Pixel Reverberations,2024-01-01,2024-01-21
1540,Captured Essence,2024-01-06,2024-01-06
1612,Captured Essence,2024-01-07,2024-01-25
1018,Luminous Horizons,2024-01-02,2024-01-29
1115,Frozen Moments,2024-01-07,2024-01-02
1306,Brushstrokes Through Time,2024-01-07,2024-01-11
1384,Eternal Brushstrokes,2024-01-01,2024-01-01
1890,Captured Essence,2024-01-07,2024-01-30
1744,Captured Essence,2024-01-09,2024-01-18
1746,Palette of Ages,2024-01-07,2024-01-12
1931,Pixel Reverberations,2024-01-05,2024-01-04
1549,Tangled Threads,2024-01-01,2024-01-19
1643,Shadows and Silhouettes,2024-01-09,2024-01-25
1712,Pixel Reverberations,2024-01-09,2024-01-18
1921,Captured Essence,2024-01-08,2024-01-12
1569,Collage of Echoes,2024-01-08,2024-01-18
1609,Eternal Brushstrokes,2024-01-08,2024-01-17
1464,Captured Essence,2024-01-02,2024-01-08
1547,Eternal Brushstrokes,2024-01-05,2024-01-07
1448,Lens and Light,2024-01-07,2024-01-29
1281,Palette of Ages,2024-01-05,2024-01-25
1882,Frozen Moments,2024-01-02,2024-01-05
1818,Shadows and Silhouettes,2024-01-03,2024-01-20
1055,Lens and Light,2024-01-09,2024-01-11
1895,Lens and Light,2024-01-06,2024-01-01
1560,Lens and Light,2024-01-05,2024-01-30
1324,Canvas Chronicles,2024-01-02,2024-01-28
1929,Lens and Light,2024-01-05,2024-01-01
1031,Aqua Serenade,2024-01-04,2024-01-21
1749,Lens and Light,2024-01-04,2024-01-14
1262,Tangled Threads,2024-01-04,2024-01-06
1290,Pixel Reverberations,2024-01-02,2024-01-08
1604,Collage of Echoes,2024-01-01,2024-01-01
1781,Collage of Echoes,2024-01-09,2024-01-17
1196,Canvas Chronicles,2024-01-02,2024-01-30
1407,Collage of Echoes,2024-01-02,2024-01-22
1268,Collage of Echoes,2024-01-08,2024-01-27
1110,Eternal Brushstrokes,2024-01-03,2024-01-20
1684,Aqua Serenade,2024-01-09,2024-01-07
1941,Palette of Ages,2024-01-05,2024-01-29
1826,Lens and Light,2024-01-03,2024-01-15
1058,Aqua Serenade,2024-01-03,2024-01-11
1022,Lens and Light,2024-01-09,2024-01-08
1046,Luminous Horizons,2024-01-04,2024-01-19
1472,Lens and Light,2024-01-01,2024-01-26
1741,Brushstrokes Through Time,2024-01-07,2024-01-23
1790,Canvas Chronicles,2024-01-09,2024-01-29
1375,Frozen Moments,2024-01-04,2024-01-06
1114,Aqua Serenade,2024-01-01,2024-01-05
1317,Captured Essence,2024-01-06,2024-01-19
1757,Shadows and Silhouettes,2024-01-07,2024-01-01
1026,Captured Essence,2024-01-05,2024-01-21
1003,Brushstrokes Through Time,2024-01-08,2024-01-15
1062,Eternal Brushstrokes,2024-01-04,2024-01-29
1731,Aqua Serenade,2024-01-08,2024-01-26
1681,Frozen Moments,2024-01-07,2024-01-07
1598,Pixel Reverberations,2024-01-01,2024-01-19
1837,Collage of Echoes,2024-01-09,2024-01-04
1413,Shadows and Silhouettes,2024-01-01,2024-01-27
1139,Canvas Chronicles,2024-01-03,2024-01-03
1859,Palette of Ages,2024-01-07,2024-01-28
1301,Carved Whispers,2024-01-07,2024-01-16
1438,Luminous Horizons,2024-01-07,2024-01-09
1618,Tangled Threads,2024-01-03,2024-01-30
1229,Frozen Moments,2024-01-01,2024-01-20
1046,Brushstrokes Through Time,2024-01-03,2024-01-16
1337,Pixel Reverberations,2024-01-06,2024-01-05
1200,Frozen Moments,2024-01-09,2024-01-07
1355,Palette of Ages,2024-01-01,2024-01-14
1802,Canvas Chronicles,2024-01-08,2024-01-21
1515,Eternal Brushstrokes,2024-01-02,2024-01-12
1077,Frozen Moments,2024-01-06,2024-01-22
1844,Carved Whispers,2024-01-07,2024-01-05
1051,Luminous Horizons,2024-01-05,2024-01-14
1144,Lens and Light,2024-01-02,2024-01-12
1833,Tangled Threads,2024-01-01,2024-01-16
1414,Palette of Ages,2024-01-07,2024-01-18
1840,Brushstrokes Through Time,2024-01-06,2024-01-23
1786,Carved Whispers,2024-01-08,2024-01-16
1853,Captured Essence,2024-01-01,2024-01-01
1662,Palette of Ages,2024-01-04,2024-01-16
1335,Eternal Brushstrokes,2024-01-08,2024-01-06
1907,Luminous Horizons,2024-01-05,2024-01-03
1252,Pixel Reverberations,2024-01-04,2024-01-27
1191,Canvas Chronicles,2024-01-03,2024-01-27
1009,Pixel Reverberations,2024-01-04,2024-01-08
1295,Eternal Brushstrokes,2024-01-07,2024-01-27
1981,Tangled Threads,2024-01-09,2024-01-16
1496,Lens and Light,2024-01-08,2024-01-30
1935,Lens and Light,2024-01-09,2024-01-02
1065,Eternal Brushstrokes,2024-01-08,2024-01-23
1320,Canvas Chronicles,2024-01-09,2024-01-16
1902,Pixel Reverberations,2024-01-02,2024-01-29
1822,Collage of Echoes,2024-01-07,2024-01-19
1363,Shadows and Silhouettes,2024-01-02,2024-01-01
1579,Carved Whispers,2024-01-04,2024-01-18
1370,Eternal Brushstrokes,2024-01-02,2024-01-01
1619,Palette of Ages,2024-01-03,2024-01-27
1333,Brushstrokes Through Time,2024-01-08,2024-01-16
2000,Tangled Threads,2024-01-02,2024-01-02
1308,Pixel Reverberations,2024-01-03,2024-01-08
1859,Luminous Horizons,2024-01-03,2024-01-19
1683,Tangled Threads,2024-01-07,2024-01-08
1740,Carved Whispers,2024-01-04,2024-01-11
1520,Shadows and Silhouettes,2024-01-06,2024-01-29
1087,Tangled Threads,2024-01-06,2024-01-02
1895,Captured Essence,2024-01-05,2024-01-24
1692,Tangled Threads,2024-01-08,2024-01-11
1682,Canvas Chronicles,2024-01-01,2024-01-03
1692,Eternal Brushstrokes,2024-01-02,2024-01-03
1243,Eternal Brushstrokes,2024-01-07,2024-01-12
1338,Canvas Chronicles,2024-01-08,2024-01-06
1157,Carved Whispers,2024-01-05,2024-01-29
1623,Carved Whispers,2024-01-07,2024-01-18
1671,Frozen Moments,2024-01-09,2024-01-11
1965,Canvas Chronicles,2024-01-01,2024-01-27
1549,Pixel Reverberations,2024-01-04,2024-01-11
1200,Collage of Echoes,2024-01-06,2024-01-30
1446,Pixel Reverberations,2024-01-08,2024-01-08
1560,Frozen Moments,2024-01-09,2024-01-15
1887,Eternal Brushstrokes,2024-01-09,2024-01-15
1134,Palette of Ages,2024-01-03,2024-01-19
1849,Pixel Reverberations,2024-01-09,2024-01-08
1924,Shadows and Silhouettes,2024-01-05,2024-01-27
1764,Brushstrokes Through Time,2024-01-07,2024-01-07
1520,Carved Whispers,2024-01-06,2024-01-24
1250,Aqua Serenade,2024-01-02,2024-01-10
1598,Tangled Threads,2024-01-07,2024-01-02
1004,Carved Whispers,2024-01-05,2024-01-17
1565,Aqua Serenade,2024-01-08,2024-01-10
1840,Frozen Moments,2024-01-04,2024-01-02
1320,Pixel Reverberations,2024-01-02,2024-01-25
1823,Aqua Serenade,2024-01-01,2024-01-07
1024,Eternal Brushstrokes,2024-01-08,2024-01-01
1133,Carved Whispers,2024-01-07,2024-01-19
1771,Canvas Chronicles,2024-01-08,2024-01-21
1833,Frozen Moments,2024-01-07,2024-01-18
1851,Shadows and Silhouettes,2024-01-06,2024-01-03
1282,Eternal Brushstrokes,2024-01-01,2024-01-26
1917,Palette of Ages,2024-01-08,2024-01-19
1543,Canvas Chronicles,2024-01-07,2024-01-30
1388,Lens and Light,2024-01-03,2024-01-13
1056,Aqua Serenade,2024-01-08,2024-01-30
1209,Eternal Brushstrokes,2024-01-06,2024-01-13
1517,Lens and Light,2024-01-01,2024-01-21
1927,Collage of Echoes,2024-01-01,2024-01-13
1147,Aqua Serenade,2024-01-06,2024-01-11
1035,Tangled Threads,2024-01-04,2024-01-04
1656,Pixel Reverberations,2024-01-08,2024-01-01
1442,Collage of Echoes,2024-01-05,2024-01-20
1901,Luminous Horizons,2024-01-07,2024-01-02
1411,Collage of Echoes,2024-01-09,2024-01-19
1442,Palette of Ages,2024-01-04,2024-01-23
1236,Shadows and Silhouettes,2024-01-06,2024-01-07
1082,Aqua Serenade,2024-01-06,2024-01-23
1172,Brushstrokes Through Time,2024-01-06,2024-01-18
1869,Shadows and Silhouettes,2024-01-05,2024-01-03
1671,Tangled Threads,2024-01-07,2024-01-30
1049,Shadows and Silhouettes,2024-01-06,2024-01-06
1357,Lens and Light,2024-01-01,2024-01-07
1202,Lens and Light,2024-01-01,2024-01-11
1554,Collage of Echoes,2024-01-02,2024-01-04
1322,Collage of Echoes,2024-01-09,2024-01-13
1815,Shadows and Silhouettes,2024-01-03,2024-01-28
1917,Palette of Ages,2024-01-04,2024-01-13
1971,Pixel Reverberations,2024-01-02,2024-01-14
1686,Lens and Light,2024-01-04,2024-01-21
1861,Shadows and Silhouettes,2024-01-02,2024-01-28
1335,Carved Whispers,2024-01-01,2024-01-12
1602,Palette of Ages,2024-01-04,2024-01-29
1213,Brushstrokes Through Time,2024-01-07,2024-01-23
1377,Collage of Echoes,2024-01-02,2024-01-15
1975,Tangled Threads,2024-01-05,2024-01-19
1368,Tangled Threads,2024-01-06,2024-01-27
1364,Tangled Threads,2024-01-04,2024-01-15
1728,Collage of Echoes,2024-01-02,2024-01-03
1875,Captured Essence,2024-01-02,2024-01-23
1946,Collage of Echoes,2024-01-09,2024-01-23
1445,Captured Essence,2024-01-06,2024-01-15
1417,Tangled Threads,2024-01-02,2024-01-09
1562,Pixel Reverberations,2024-01-06,2024-01-24
1379,Canvas Chronicles,2024-01-04,2024-01-13
1366,Eternal Brushstrokes,2024-01-02,2024-01-27
1345,Palette of Ages,2024-01-06,2024-01-06
1859,Captured Essence,2024-01-01,2024-01-10
1417,Lens and Light,2024-01-02,2024-01-06
1091,Collage of Echoes,2024-01-03,2024-01-21
1808,Shadows and Silhouettes,2024-01-02,2024-01-29
1882,Canvas Chronicles,2024-01-08,2024-01-03
1189,Lens and Light,2024-01-06,2024-01-16
1929,Pixel Reverberations,2024-01-02,2024-01-14
1469,Canvas Chronicles,2024-01-09,2024-01-15
1649,Lens and Light,2024-01-09,2024-01-22
1261,Eternal Brushstrokes,2024-01-09,2024-01-24
1840,Collage of Echoes,2024-01-05,2024-01-09
1196,Frozen Moments,2024-01-07,2024-01-02
1620,Frozen Moments,2024-01-04,2024-01-22
1047,Eternal Brushstrokes,2024-01-04,2024-01-14
1710,Canvas Chronicles,2024-01-03,2024-01-27
1859,Pixel Reverberations,2024-01-04,2024-01-24
1254,Tangled Threads,2024-01-03,2024-01-06
1385,Pixel Reverberations,2024-01-08,2024-01-07
1228,Eternal Brushstrokes,2024-01-09,2024-01-23
1699,Canvas Chronicles,2024-01-07,2024-01-08
1894,Lens and Light,2024-01-04,2024-01-22
1527,Brushstrokes Through Time,2024-01-06,2024-01-29
1933,Carved Whispers,2024-01-06,2024-01-07
1660,Brushstrokes Through Time,2024-01-05,2024-01-01
1131,Carved Whispers,2024-01-03,2024-01-26
1578,Collage of Echoes,2024-01-05,2024-01-13
1467,Luminous Horizons,2024-01-03,2024-01-21
1661,Captured Essence,2024-01-05,2024-01-17
1638,Captured Essence,2024-01-08,2024-01-27
1939,Tangled Threads,2024-01-08,2024-01-24
1698,Captured Essence,2024-01-05,2024-01-24
1344,Frozen Moments,2024-01-08,2024-01-25
1757,Palette of Ages,2024-01-03,2024-01-26
1635,Shadows and Silhouettes,2024-01-05,2024-01-03
1344,Carved Whispers,2024-01-07,2024-01-08
1137,Pixel Reverberations,2024-01-01,2024-01-23
1668,Tangled Threads,2024-01-09,2024-01-20
1657,Captured Essence,2024-01-06,2024-01-12
1546,Shadows and Silhouettes,2024-01-03,2024-01-07
1080,Eternal Brushstrokes,2024-01-04,2024-01-22
1639,Aqua Serenade,2024-01-04,2024-01-20
1294,Shadows and Silhouettes,2024-01-09,2024-01-27
1715,Shadows and Silhouettes,2024-01-03,2024-01-06
1977,Lens and Light,2024-01-03,2024-01-11
1433,Collage of Echoes,2024-01-04,2024-01-08
1367,Collage of Echoes,2024-01-03,2024-01-24
1573,Shadows and Silhouettes,2024-01-06,2024-01-20
1043,Pixel Reverberations,2024-01-03,2024-01-14
1407,Palette of Ages,2024-01-05,2024-01-01
1759,Palette of Ages,2024-01-05,2024-01-09
1591,Eternal Brushstrokes,2024-01-07,2024-01-27
1419,Carved Whispers,2024-01-04,2024-01-12
1285,Eternal Brushstrokes,2024-01-03,2024-01-14
1530,Brushstrokes Through Time,2024-01-03,2024-01-16
1677,Collage of Echoes,2024-01-01,2024-01-02
1082,Pixel Reverberations,2024-01-09,2024-01-03
1753,Collage of Echoes,2024-01-04,2024-01-06
1539,Aqua Serenade,2024-01-06,2024-01-23
1297,Eternal Brushstrokes,2024-01-09,2024-01-22
1436,Carved Whispers,2024-01-06,2024-01-18
1124,Tangled Threads,2024-01-08,2024-01-09
1182,Carved Whispers,2024-01-02,2024-01-17
1971,Pixel Reverberations,2024-01-08,2024-01-20
1452,Collage of Echoes,2024-01-09,2024-01-06
1576,Luminous Horizons,2024-01-05,2024-01-22
1424,Palette of Ages,2024-01-05,2024-01-04
1239,Captured Essence,2024-01-02,2024-01-02
1140,Luminous Horizons,2024-01-03,2024-01-01
1842,Shadows and Silhouettes,2024-01-02,2024-01-25
1038,Canvas Chronicles,2024-01-08,2024-01-30
1510,Aqua Serenade,2024-01-09,2024-01-20
1525,Luminous Horizons,2024-01-04,2024-01-28
1827,Aqua Serenade,2024-01-02,2024-01-12
1158,Palette of Ages,2024-01-03,2024-01-30
1264,Captured Essence,2024-01-04,2024-01-16
1881,Lens and Light,2024-01-06,2024-01-03
1666,Pixel Reverberations,2024-01-05,2024-01-07
1699,Luminous Horizons,2024-01-04,2024-01-12
1061,Frozen Moments,2024-01-06,2024-01-22
1848,Eternal Brushstrokes,2024-01-06,2024-01-16
1816,Palette of Ages,2024-01-07,2024-01-20
1404,Pixel Reverberations,2024-01-06,2024-01-05
1317,Canvas Chronicles,2024-01-06,2024-01-26
1048,Frozen Moments,2024-01-03,2024-01-09
1501,Shadows and Silhouettes,2024-01-05,2024-01-13
1792,Shadows and Silhouettes,2024-01-04,2024-01-01
1520,Luminous Horizons,2024-01-04,2024-01-02
1069,Tangled Threads,2024-01-06,2024-01-11
1194,Captured Essence,2024-01-01,2024-01-11
1957,Collage of Echoes,2024-01-04,2024-01-21
1325,Captured Essence,2024-01-03,2024-01-30
1170,Lens and Light,2024-01-09,2024-01-06
1984,Collage of Echoes,2024-01-02,2024-01-06
1780,Pixel Reverberations,2024-01-08,2024-01-16
1624,Tangled Threads,2024-01-03,2024-01-16
1521,Pixel Reverberations,2024-01-06,2024-01-26
1162,Lens and Light,2024-01-08,2024-01-09
1531,Luminous Horizons,2024-01-08,2024-01-19
1546,Brushstrokes Through Time,2024-01-04,2024-01-06
1914,Palette of Ages,2024-01-09,2024-01-10
1562,Carved Whispers,2024-01-03,2024-01-22
1255,Captured Essence,2024-01-01,2024-01-01
1588,Carved Whispers,2024-01-02,2024-01-22
1383,Captured Essence,2024-01-03,2024-01-03
1353,Lens and Light,2024-01-05,2024-01-14
1415,Captured Essence,2024-01-03,2024-01-09
1008,Captured Essence,2024-01-07,2024-01-21
1135,Collage of Echoes,2024-01-05,2024-01-11
1691,Captured Essence,2024-01-06,2024-01-13
1888,Lens and Light,2024-01-05,2024-01-25
1004,Eternal Brushstrokes,2024-01-02,2024-01-13
1945,Carved Whispers,2024-01-08,2024-01-19
1762,Brushstrokes Through Time,2024-01-06,2024-01-28
1756,Brushstrokes Through Time,2024-01-04,2024-01-14
1295,Palette of Ages,2024-01-05,2024-01-23
1790,Lens and Light,2024-01-01,2024-01-03
1277,Carved Whispers,2024-01-05,2024-01-12
1034,Frozen Moments,2024-01-06,2024-01-17
1805,Eternal Brushstrokes,2024-01-03,2024-01-20
1039,Eternal Brushstrokes,2024-01-08,2024-01-07
1857,Aqua Serenade,2024-01-04,2024-01-23
1332,Shadows and Silhouettes,2024-01-05,2024-01-22
1928,Shadows and Silhouettes,2024-01-01,2024-01-19
1402,Canvas Chronicles,2024-01-04,2024-01-21
1811,Pixel Reverberations,2024-01-01,2024-01-19
1681,Palette of Ages,2024-01-04,2024-01-18
1131,Pixel Reverberations,2024-01-09,2024-01-03
1671,Lens and Light,2024-01-06,2024-01-02
1820,Frozen Moments,2024-01-02,2024-01-20
1646,Frozen Moments,2024-01-02,2024-01-22
1048,Carved Whispers,2024-01-05,2024-01-29
1233,Canvas Chronicles,2024-01-09,2024-01-03
1929,Palette of Ages,2024-01-01,2024-01-21
1169,Frozen Moments,2024-01-04,2024-01-25
1582,Brushstrokes Through Time,2024-01-06,2024-01-15
1133,Captured Essence,2024-01-01,2024-01-02
1984,Lens and Light,2024-01-04,2024-01-29
1703,Frozen Moments,2024-01-04,2024-01-07
1099,Eternal Brushstrokes,2024-01-06,2024-01-25
1866,Shadows and Silhouettes,2024-01-09,2024-01-27
1154,Canvas Chronicles,2024-01-09,2024-01-10
1409,Captured Essence,2024-01-01,2024-01-09
1227,Aqua Serenade,2024-01-04,2024-01-15
1118,Aqua Serenade,2024-01-05,2024-01-14
1848,Frozen Moments,2024-01-03,2024-01-12
1498,Carved Whispers,2024-01-06,2024-01-12
1013,Pixel Reverberations,2024-01-03,2024-01-09
1600,Eternal Brushstrokes,2024-01-01,2024-01-04
1961,Luminous Horizons,2024-01-08,2024-01-18
1566,Palette of Ages,2024-01-02,2024-01-09
1868,Aqua Serenade,2024-01-04,2024-01-06
1269,Eternal Brushstrokes,2024-01-02,2024-01-05
1088,Palette of Ages,2024-01-01,2024-01-13
1497,Captured Essence,2024-01-04,2024-01-01
1091,Palette of Ages,2024-01-04,2024-01-12
1907,Carved Whispers,2024-01-08,2024-01-08
1603,Collage of Echoes,2024-01-02,2024-01-24
1511,Pixel Reverberations,2024-01-09,2024-01-03
1803,Aqua Serenade,2024-01-06,2024-01-25
1269,Canvas Chronicles,2024-01-05,2024-01-28
1264,Tangled Threads,2024-01-02,2024-01-08
1055,Collage of Echoes,2024-01-04,2024-01-07
1782,Brushstrokes Through Time,2024-01-01,2024-01-19
1064,Eternal Brushstrokes,2024-01-08,2024-01-14
1950,Eternal Brushstrokes,2024-01-06,2024-01-29
1550,Palette of Ages,2024-01-07,2024-01-13
1273,Luminous Horizons,2024-01-05,2024-01-24
1635,Aqua Serenade,2024-01-07,2024-01-01
1845,Collage of Echoes,2024-01-05,2024-01-08
1205,Shadows and Silhouettes,2024-01-04,2024-01-21
1005,Eternal Brushstrokes,2024-01-06,2024-01-28
1385,Tangled Threads,2024-01-06,2024-01-23
1179,Tangled Threads,2024-01-02,2024-01-20
1871,Frozen Moments,2024-01-02,2024-01-20
1988,Captured Essence,2024-01-04,2024-01-03
1405,Luminous Horizons,2024-01-08,2024-01-14
1035,Captured Essence,2024-01-09,2024-01-12
1501,Frozen Moments,2024-01-07,2024-01-06
1845,Lens and Light,2024-01-02,2024-01-23
1143,Frozen Moments,2024-01-02,2024-01-28
1490,Collage of Echoes,2024-01-02,2024-01-27
1075,Carved Whispers,2024-01-07,2024-01-25
1325,Frozen Moments,2024-01-08,2024-01-07
1611,Brushstrokes Through Time,2024-01-09,2024-01-05
1383,Palette of Ages,2024-01-07,2024-01-04
1688,Brushstrokes Through Time,2024-01-04,2024-01-13
1307,Captured Essence,2024-01-08,2024-01-25
1635,Eternal Brushstrokes,2024-01-06,2024-01-11
1524,Shadows and Silhouettes,2024-01-06,2024-01-11
1335,Lens and Light,2024-01-02,2024-01-02
1954,Aqua Serenade,2024-01-09,2024-01-24
1356,Palette of Ages,2024-01-01,2024-01-22
1439,Shadows and Silhouettes,2024-01-01,2024-01-29
1086,Luminous Horizons,2024-01-02,2024-01-18
1024,Tangled Threads,2024-01-04,2024-01-24
1992,Tangled Threads,2024-01-01,2024-01-25
1646,Palette of Ages,2024-01-05,2024-01-16
1810,Aqua Serenade,2024-01-07,2024-01-17
1430,Carved Whispers,2024-01-09,2024-01-09
1781,Pixel Reverberations,2024-01-01,2024-01-02
1466,Eternal Brushstrokes,2024-01-08,2024-01-16
1106,Shadows and Silhouettes,2024-01-09,2024-01-05
1226,Captured Essence,2024-01-07,2024-01-14
1741,Shadows and Silhouettes,2024-01-03,2024-01-04
1988,Frozen Moments,2024-01-02,2024-01-07
1963,Canvas Chronicles,2024-01-07,2024-01-29
1798,Frozen Moments,2024-01-05,2024-01-25
1081,Tangled Threads,2024-01-06,2024-01-04
1119,Palette of Ages,2024-01-01,2024-01-08
1191,Palette of Ages,2024-01-05,2024-01-29
1462,Aqua Serenade,2024-01-02,2024-01-29
1054,Shadows and Silhouettes,2024-01-02,2024-01-14
1157,Tangled Threads,2024-01-03,2024-01-20
1870,Collage of Echoes,2024-01-01,2024-01-18
1883,Pixel Reverberations,2024-01-07,2024-01-13
1191,Frozen Moments,2024-01-01,2024-01-13
1462,Lens and Light,2024-01-09,2024-01-01
1265,Lens and Light,2024-01-05,2024-01-07
1312,Canvas Chronicles,2024-01-07,2024-01-01
1123,Tangled Threads,2024-01-07,2024-01-03
1868,Eternal Brushstrokes,2024-01-04,2024-01-08
1046,Captured Essence,2024-01-03,2024-01-05
1831,Frozen Moments,2024-01-09,2024-01-08
1674,Captured Essence,2024-01-09,2024-01-14
1864,Carved Whispers,2024-01-09,2024-01-19
1533,Carved Whispers,2024-01-02,2024-01-08
1817,Palette of Ages,2024-01-04,2024-01-26
1634,Canvas Chronicles,2024-01-05,2024-01-02
1896,Carved Whispers,2024-01-05,2024-01-25
1990,Pixel Reverberations,2024-01-08,2024-01-07
1305,Tangled Threads,2024-01-06,2024-01-25
1927,Eternal Brushstrokes,2024-01-08,2024-01-16
1338,Brushstrokes Through Time,2024-01-07,2024-01-04
1896,Brushstrokes Through Time,2024-01-09,2024-01-07
1453,Shadows and Silhouettes,2024-01-06,2024-01-30
1930,Canvas Chronicles,2024-01-09,2024-01-29
1021,Aqua Serenade,2024-01-09,2024-01-04
1473,Captured Essence,2024-01-03,2024-01-05
1133,Tangled Threads,2024-01-09,2024-01-24
1215,Shadows and Silhouettes,2024-01-08,2024-01-28
1817,Collage of Echoes,2024-01-06,2024-01-17
1586,Palette of Ages,2024-01-05,2024-01-08
1504,Frozen Moments,2024-01-08,2024-01-29
1905,Pixel Reverberations,2024-01-04,2024-01-26
1996,Tangled Threads,2024-01-06,2024-01-30
1757,Tangled Threads,2024-01-09,2024-01-12
1680,Shadows and Silhouettes,2024-01-01,2024-01-24
1120,Collage of Echoes,2024-01-03,2024-01-27
1344,Eternal Brushstrokes,2024-01-06,2024-01-13
1191,Pixel Reverberations,2024-01-06,2024-01-21
1100,Frozen Moments,2024-01-01,2024-01-12
1826,Shadows and Silhouettes,2024-01-03,2024-01-01
1566,Brushstrokes Through Time,2024-01-09,2024-01-08
1344,Brushstrokes Through Time,2024-01-04,2024-01-21
1686,Luminous Horizons,2024-01-03,2024-01-14
1989,Carved Whispers,2024-01-02,2024-01-20
1901,Canvas Chronicles,2024-01-07,2024-01-17
1332,Brushstrokes Through Time,2024-01-02,2024-01-17
1006,Shadows and Silhouettes,2024-01-08,2024-01-12
1077,Brushstrokes Through Time,2024-01-01,2024-01-07
1243,Collage of Echoes,2024-01-05,2024-01-12
1506,Brushstrokes Through Time,2024-01-04,2024-01-21
1463,Tangled Threads,2024-01-01,2024-01-30
1649,Shadows and Silhouettes,2024-01-01,2024-01-04
1591,Brushstrokes Through Time,2024-01-03,2024-01-17
1344,Lens and Light,2024-01-09,2024-01-02
1373,Carved Whispers,2024-01-07,2024-01-16
1624,Shadows and Silhouettes,2024-01-08,2024-01-22
1569,Shadows and Silhouettes,2024-01-02,2024-01-28
1440,Frozen Moments,2024-01-07,2024-01-28
1485,Luminous Horizons,2024-01-05,2024-01-18
1135,Collage of Echoes,2024-01-03,2024-01-13
1531,Tangled Threads,2024-01-07,2024-01-01
1140,Shadows and Silhouettes,2024-01-03,2024-01-18
1793,Frozen Moments,2024-01-08,2024-01-23
1737,Pixel Reverberations,2024-01-01,2024-01-28
1605,Aqua Serenade,2024-01-09,2024-01-17
1610,Aqua Serenade,2024-01-04,2024-01-09
1322,Frozen Moments,2024-01-06,2024-01-03
1358,Eternal Brushstrokes,2024-01-03,2024-01-27
1136,Luminous Horizons,2024-01-09,2024-01-02
1040,Palette of Ages,2024-01-09,2024-01-03
1013,Eternal Brushstrokes,2024-01-04,2024-01-07
1830,Brushstrokes Through Time,2024-01-02,2024-01-09
1752,Collage of Echoes,2024-01-05,2024-01-23
1944,Tangled Threads,2024-01-06,2024-01-15
1777,Frozen Moments,2024-01-09,2024-01-25
1196,Collage of Echoes,2024-01-04,2024-01-06
1465,Brushstrokes Through Time,2024-01-02,2024-01-29
1458,Frozen Moments,2024-01-08,2024-01-25
1795,Tangled Threads,2024-01-06,2024-01-07
1454,Shadows and Silhouettes,2024-01-08,2024-01-25
1996,Brushstrokes Through Time,2024-01-02,2024-01-13
1651,Carved Whispers,2024-01-09,2024-01-11
1823,Pixel Reverberations,2024-01-08,2024-01-10
1072,Luminous Horizons,2024-01-08,2024-01-29
1713,Palette of Ages,2024-01-06,2024-01-09
1518,Collage of Echoes,2024-01-08,2024-01-24
1852,Pixel Reverberations,2024-01-04,2024-01-15
1116,Luminous Horizons,2024-01-03,2024-01-28
1413,Captured Essence,2024-01-09,2024-01-23
1704,Shadows and Silhouettes,2024-01-09,2024-01-15
1796,Captured Essence,2024-01-01,2024-01-16
1930,Palette of Ages,2024-01-08,2024-01-17
1026,Collage of Echoes,2024-01-02,2024-01-01
1901,Eternal Brushstrokes,2024-01-08,2024-01-08
1244,Aqua Serenade,2024-01-08,2024-01-29
1788,Canvas Chronicles,2024-01-08,2024-01-13
1610,Shadows and Silhouettes,2024-01-06,2024-01-09
1718,Shadows and Silhouettes,2024-01-09,2024-01-19
1166,Collage of Echoes,2024-01-09,2024-01-05
1663,Collage of Echoes,2024-01-03,2024-01-27
1182,Eternal Brushstrokes,2024-01-08,2024-01-11
1148,Canvas Chronicles,2024-01-05,2024-01-13
1966,Brushstrokes Through Time,2024-01-01,2024-01-03
1273,Palette of Ages,2024-01-05,2024-01-26
1155,Frozen Moments,2024-01-08,2024-01-02
1120,Frozen Moments,2024-01-03,2024-01-30
1324,Palette of Ages,2024-01-08,2024-01-17
1664,Collage of Echoes,2024-01-06,2024-01-27
1199,Aqua Serenade,2024-01-01,2024-01-13
1263,Brushstrokes Through Time,2024-01-07,2024-01-17
1510,Frozen Moments,2024-01-03,2024-01-24
1842,Aqua Serenade,2024-01-07,2024-01-30
1034,Palette of Ages,2024-01-05,2024-01-13
1676,Carved Whispers,2024-01-07,2024-01-30
1349,Lens and Light,2024-01-08,2024-01-20
1055,Canvas Chronicles,2024-01-01,2024-01-15
1750,Lens and Light,2024-01-06,2024-01-21
1997,Collage of Echoes,2024-01-05,2024-01-18
1967,Canvas Chronicles,2024-01-08,2024-01-28
1147,Captured Essence,2024-01-03,2024-01-17
1553,Canvas Chronicles,2024-01-05,2024-01-23
1194,Aqua Serenade,2024-01-03,2024-01-09
1617,Shadows and Silhouettes,2024-01-01,2024-01-16
1968,Shadows and Silhouettes,2024-01-02,2024-01-02
1494,Eternal Brushstrokes,2024-01-04,2024-01-09
1065,Captured Essence,2024-01-09,2024-01-03
1252,Shadows and Silhouettes,2024-01-02,2024-01-05
1661,Tangled Threads,2024-01-08,2024-01-29
1584,Eternal Brushstrokes,2024-01-08,2024-01-30
1059,Pixel Reverberations,2024-01-09,2024-01-24
1715,Tangled Threads,2024-01-01,2024-01-25
1908,Carved Whispers,2024-01-07,2024-01-30
1091,Canvas Chronicles,2024-01-06,2024-01-04
1112,Luminous Horizons,2024-01-06,2024-01-19
1760,Carved Whispers,2024-01-02,2024-01-19
1463,Eternal Brushstrokes,2024-01-03,2024-01-08
1854,Eternal Brushstrokes,2024-01-01,2024-01-15
1878,Shadows and Silhouettes,2024-01-09,2024-01-22
1652,Tangled Threads,2024-01-08,2024-01-26
1401,Captured Essence,2024-01-04,2024-01-01
1727,Collage of Echoes,2024-01-04,2024-01-04
1148,Canvas Chronicles,2024-01-05,2024-01-26
1232,Captured Essence,2024-01-06,2024-01-06
1670,Luminous Horizons,2024-01-06,2024-01-24
1711,Aqua Serenade,2024-01-06,2024-01-19
1154,Eternal Brushstrokes,2024-01-04,2024-01-26
1458,Palette of Ages,2024-01-02,2024-01-14
1773,Frozen Moments,2024-01-06,2024-01-29
1202,Tangled Threads,2024-01-05,2024-01-08
1611,Aqua Serenade,2024-01-04,2024-01-21
1340,Shadows and Silhouettes,2024-01-04,2024-01-02
1822,Lens and Light,2024-01-01,2024-01-16
1018,Luminous Horizons,2024-01-04,2024-01-14
1894,Pixel Reverberations,2024-01-02,2024-01-16
1794,Frozen Moments,2024-01-07,2024-01-27
1228,Carved Whispers,2024-01-03,2024-01-21
1226,Lens and Light,2024-01-03,2024-01-15
1478,Eternal Brushstrokes,2024-01-03,2024-01-19
1618,Palette of Ages,2024-01-03,2024-01-10
1530,Frozen Moments,2024-01-06,2024-01-02
1959,Shadows and Silhouettes,2024-01-07,2024-01-30
1148,Lens and Light,2024-01-07,2024-01-01
1830,Aqua Serenade,2024-01-05,2024-01-18
1974,Canvas Chronicles,2024-01-03,2024-01-10
1992,Pixel Reverberations,2024-01-08,2024-01-14
1747,Tangled Threads,2024-01-02,2024-01-01
1894,Captured Essence,2024-01-02,2024-01-01
1779,Frozen Moments,2024-01-01,2024-01-09
1688,Captured Essence,2024-01-01,2024-01-23
1098,Carved Whispers,2024-01-06,2024-01-23
1546,Brushstrokes Through Time,2024-01-06,2024-01-04
1754,Brushstrokes Through Time,2024-01-06,2024-01-17
1803,Palette of Ages,2024-01-05,2024-01-10
1555,Luminous Horizons,2024-01-03,2024-01-01
1105,Eternal Brushstrokes,2024-01-04,2024-01-16
1934,Canvas Chronicles,2024-01-07,2024-01-27
1681,Pixel Reverberations,2024-01-05,2024-01-21
1376,Pixel Reverberations,2024-01-04,2024-01-09
1200,Palette of Ages,2024-01-08,2024-01-28
1422,Eternal Brushstrokes,2024-01-06,2024-01-24
1463,Carved Whispers,2024-01-02,2024-01-02
1451,Aqua Serenade,2024-01-07,2024-01-22
1939,Brushstrokes Through Time,2024-01-04,2024-01-05
1971,Frozen Moments,2024-01-08,2024-01-15
1480,Eternal Brushstrokes,2024-01-08,2024-01-23
1648,Palette of Ages,2024-01-02,2024-01-05
1975,Aqua Serenade,2024-01-08,2024-01-28
1170,Palette of Ages,2024-01-03,2024-01-21
1877,Captured Essence,2024-01-06,2024-01-23
1836,Brushstrokes Through Time,2024-01-07,2024-01-14
1961,Luminous Horizons,2024-01-03,2024-01-10
1562,Canvas Chronicles,2024-01-09,2024-01-11
1658,Palette of Ages,2024-01-08,2024-01-17
1804,Tangled Threads,2024-01-01,2024-01-10
1878,Brushstrokes Through Time,2024-01-08,2024-01-18
1475,Pixel Reverberations,2024-01-02,2024-01-08
1662,Frozen Moments,2024-01-08,2024-01-23
1491,Shadows and Silhouettes,2024-01-08,2024-01-19
1290,Eternal Brushstrokes,2024-01-01,2024-01-29
1022,Captured Essence,2024-01-04,2024-01-07
1298,Luminous Horizons,2024-01-09,2024-01-15
1650,Captured Essence,2024-01-03,2024-01-10
1942,Aqua Serenade,2024-01-07,2024-01-05
1180,Aqua Serenade,2024-01-08,2024-01-05
1909,Captured Essence,2024-01-03,2024-01-10
1439,Captured Essence,2024-01-07,2024-01-13
1983,Carved Whispers,2024-01-07,2024-01-13
1742,Aqua Serenade,2024-01-07,2024-01-16
1043,Aqua Serenade,2024-01-09,2024-01-10
1018,Palette of Ages,2024-01-02,2024-01-13
1614,Palette of Ages,2024-01-06,2024-01-03
1627,Canvas Chronicles,2024-01-08,2024-01-04
1859,Collage of Echoes,2024-01-07,2024-01-16
1599,Luminous Horizons,2024-01-01,2024-01-06
1389,Brushstrokes Through Time,2024-01-09,2024-01-14
1323,Pixel Reverberations,2024-01-05,2024-01-14
1970,Aqua Serenade,2024-01-07,2024-01-12
1840,Shadows and Silhouettes,2024-01-09,2024-01-15
1778,Eternal Brushstrokes,2024-01-01,2024-01-05
1525,Shadows and Silhouettes,2024-01-06,2024-01-20
1439,Tangled Threads,2024-01-09,2024-01-04
1205,Collage of Echoes,2024-01-02,2024-01-06
1848,Frozen Moments,2024-01-09,2024-01-01
1053,Brushstrokes Through Time,2024-01-02,2024-01-30
1258,Pixel Reverberations,2024-01-08,2024-01-04
1022,Collage of Echoes,2024-01-02,2024-01-19
1692,Palette of Ages,2024-01-07,2024-01-08
1165,Carved Whispers,2024-01-02,2024-01-20
1547,Collage of Echoes,2024-01-01,2024-01-22
1855,Eternal Brushstrokes,2024-01-04,2024-01-21
1536,Carved Whispers,2024-01-08,2024-01-25
1944,Palette of Ages,2024-01-06,2024-01-16
1576,Eternal Brushstrokes,2024-01-06,2024-01-25
1899,Canvas Chronicles,2024-01-09,2024-01-17
1972,Lens and Light,2024-01-01,2024-01-01
1633,Carved Whispers,2024-01-01,2024-01-21
1666,Eternal Brushstrokes,2024-01-04,2024-01-01
1323,Pixel Reverberations,2024-01-03,2024-01-15
1601,Lens and Light,2024-01-01,2024-01-18
1677,Pixel Reverberations,2024-01-02,2024-01-04
1712,Palette of Ages,2024-01-03,2024-01-11
1980,Luminous Horizons,2024-01-08,2024-01-27
1330,Lens and Light,2024-01-07,2024-01-01
1973,Carved Whispers,2024-01-04,2024-01-11
1627,Shadows and Silhouettes,2024-01-04,2024-01-23
1910,Lens and Light,2024-01-05,2024-01-05
1756,Captured Essence,2024-01-08,2024-01-14
1480,Captured Essence,2024-01-06,2024-01-04
1554,Lens and Light,2024-01-04,2024-01-21
1050,Frozen Moments,2024-01-01,2024-01-18
1972,Brushstrokes Through Time,2024-01-02,2024-01-12
1772,Collage of Echoes,2024-01-06,2024-01-13
1622,Luminous Horizons,2024-01-06,2024-01-15
1555,Lens and Light,2024-01-02,2024-01-28
1318,Collage of Echoes,2024-01-03,2024-01-21
1794,Eternal Brushstrokes,2024-01-03,2024-01-19
1837,Collage of Echoes,2024-01-05,2024-01-21
1667,Eternal Brushstrokes,2024-01-08,2024-01-03
1159,Captured Essence,2024-01-03,2024-01-22
1850,Collage of Echoes,2024-01-02,2024-01-06
1964,Palette of Ages,2024-01-07,2024-01-01
1071,Eternal Brushstrokes,2024-01-08,2024-01-07
1617,Tangled Threads,2024-01-02,2024-01-26
1848,Lens and Light,2024-01-03,2024-01-23
1440,Pixel Reverberations,2024-01-03,2024-01-28
1884,Carved Whispers,2024-01-07,2024-01-02
1715,Lens and Light,2024-01-04,2024-01-06
1678,Canvas Chronicles,2024-01-07,2024-01-17
1814,Eternal Brushstrokes,2024-01-04,2024-01-27
1093,Canvas Chronicles,2024-01-05,2024-01-22
1333,Tangled Threads,2024-01-04,2024-01-29
1638,Carved Whispers,2024-01-06,2024-01-08
1098,Tangled Threads,2024-01-07,2024-01-22
1829,Collage of Echoes,2024-01-06,2024-01-01
1722,Tangled Threads,2024-01-09,2024-01-06
1151,Shadows and Silhouettes,2024-01-06,2024-01-29
1473,Palette of Ages,2024-01-02,2024-01-01
1626,Carved Whispers,2024-01-04,2024-01-12
1354,Lens and Light,2024-01-06,2024-01-21
1084,Palette of Ages,2024-01-06,2024-01-30
1031,Frozen Moments,2024-01-03,2024-01-17
1006,Brushstrokes Through Time,2024-01-06,2024-01-23
1526,Captured Essence,2024-01-09,2024-01-25
1483,Luminous Horizons,2024-01-07,2024-01-01
1235,Luminous Horizons,2024-01-03,2024-01-10
1597,Captured Essence,2024-01-08,2024-01-12
1316,Brushstrokes Through Time,2024-01-09,2024-01-30
1786,Tangled Threads,2024-01-05,2024-01-15
1976,Tangled Threads,2024-01-02,2024-01-10
1228,Frozen Moments,2024-01-06,2024-01-04
1263,Shadows and Silhouettes,2024-01-05,2024-01-12
1815,Collage of Echoes,2024-01-05,2024-01-30
1244,Lens and Light,2024-01-08,2024-01-11
1866,Canvas Chronicles,2024-01-04,2024-01-22
1633,Luminous Horizons,2024-01-09,2024-01-09
1421,Aqua Serenade,2024-01-07,2024-01-21
1914,Tangled Threads,2024-01-08,2024-01-24
1046,Palette of Ages,2024-01-03,2024-01-22
1968,Collage of Echoes,2024-01-09,2024-01-13
1935,Lens and Light,2024-01-08,2024-01-11
1809,Canvas Chronicles,2024-01-01,2024-01-21
1873,Lens and Light,2024-01-04,2024-01-22
1797,Carved Whispers,2024-01-06,2024-01-17
1277,Captured Essence,2024-01-01,2024-01-30
1949,Carved Whispers,2024-01-08,2024-01-05
1746,Frozen Moments,2024-01-02,2024-01-03
1038,Brushstrokes Through Time,2024-01-03,2024-01-23
1856,Brushstrokes Through Time,2024-01-05,2024-01-06
1160,Aqua Serenade,2024-01-08,2024-01-23
1506,Collage of Echoes,2024-01-03,2024-01-06
1678,Frozen Moments,2024-01-07,2024-01-10
1263,Shadows and Silhouettes,2024-01-05,2024-01-05
1895,Collage of Echoes,2024-01-06,2024-01-20
1339,Aqua Serenade,2024-01-09,2024-01-10
1665,Aqua Serenade,2024-01-06,2024-01-18
1161,Brushstrokes Through Time,2024-01-07,2024-01-28
1410,Brushstrokes Through Time,2024-01-07,2024-01-09
1189,Brushstrokes Through Time,2024-01-02,2024-01-12
1528,Tangled Threads,2024-01-02,2024-01-03
1877,Carved Whispers,2024-01-06,2024-01-20
1534,Frozen Moments,2024-01-05,2024-01-13
1226,Brushstrokes Through Time,2024-01-07,2024-01-19
1172,Pixel Reverberations,2024-01-05,2024-01-07
1831,Carved Whispers,2024-01-05,2024-01-11
1852,Lens and Light,2024-01-04,2024-01-24
1221,Frozen Moments,2024-01-07,2024-01-08
1554,Frozen Moments,2024-01-04,2024-01-07
1122,Canvas Chronicles,2024-01-07,2024-01-02
1286,Collage of Echoes,2024-01-05,2024-01-14
1042,Shadows and Silhouettes,2024-01-06,2024-01-02
1562,Brushstrokes Through Time,2024-01-04,2024-01-09
1488,Aqua Serenade,2024-01-06,2024-01-04
1703,Captured Essence,2024-01-06,2024-01-19
1112,Tangled Threads,2024-01-08,2024-01-28
1822,Palette of Ages,2024-01-08,2024-01-01
1984,Tangled Threads,2024-01-08,2024-01-03
1666,Lens and Light,2024-01-05,2024-01-12
1641,Frozen Moments,2024-01-07,2024-01-15
1899,Frozen Moments,2024-01-01,2024-01-09
1471,Captured Essence,2024-01-03,2024-01-21
1142,Shadows and Silhouettes,2024-01-09,2024-01-01
1420,Lens and Light,2024-01-06,2024-01-04
1995,Palette of Ages,2024-01-04,2024-01-04
1674,Carved Whispers,2024-01-03,2024-01-12
1044,Pixel Reverberations,2024-01-09,2024-01-22
1255,Carved Whispers,2024-01-07,2024-01-11
1294,Luminous Horizons,2024-01-07,2024-01-04
1638,Carved Whispers,2024-01-02,2024-01-01
1480,Brushstrokes Through Time,2024-01-01,2024-01-23
1138,Palette of Ages,2024-01-09,2024-01-03
1021,Tangled Threads,2024-01-03,2024-01-18
1663,Pixel Reverberations,2024-01-02,2024-01-11
1912,Tangled Threads,2024-01-03,2024-01-10
1358,Carved Whispers,2024-01-07,2024-01-11
1893,Eternal Brushstrokes,2024-01-03,2024-01-16
1056,Brushstrokes Through Time,2024-01-06,2024-01-30
1580,Pixel Reverberations,2024-01-07,2024-01-12
1568,Frozen Moments,2024-01-03,2024-01-16
1936,Palette of Ages,2024-01-07,2024-01-11
1678,Shadows and Silhouettes,2024-01-04,2024-01-03
1189,Captured Essence,2024-01-03,2024-01-05
1874,Captured Essence,2024-01-07,2024-01-23
1246,Collage of Echoes,2024-01-05,2024-01-29
1644,Pixel Reverberations,2024-01-05,2024-01-08
1943,Canvas Chronicles,2024-01-01,2024-01-29
1297,Collage of Echoes,2024-01-06,2024-01-01
1268,Canvas Chronicles,2024-01-01,2024-01-16
1284,Lens and Light,2024-01-04,2024-01-22
1204,Tangled Threads,2024-01-07,2024-01-21
1436,Aqua Serenade,2024-01-05,2024-01-07
1580,Captured Essence,2024-01-03,2024-01-13
1925,Luminous Horizons,2024-01-01,2024-01-07
1516,Pixel Reverberations,2024-01-03,2024-01-17
1844,Aqua Serenade,2024-01-06,2024-01-27
1776,Luminous Horizons,2024-01-03,2024-01-05
1079,Carved Whispers,2024-01-09,2024-01-08
1998,Palette of Ages,2024-01-01,2024-01-29
1078,Eternal Brushstrokes,2024-01-08,2024-01-15
1559,Brushstrokes Through Time,2024-01-06,2024-01-11
1266,Carved Whispers,2024-01-09,2024-01-16
1286,Carved Whispers,2024-01-08,2024-01-22
1065,Luminous Horizons,2024-01-01,2024-01-26
1834,Carved Whispers,2024-01-06,2024-01-24
1339,Lens and Light,2024-01-02,2024-01-30
1822,Palette of Ages,2024-01-07,2024-01-18
1035,Palette of Ages,2024-01-04,2024-01-13
1999,Aqua Serenade,2024-01-09,2024-01-05
1811,Pixel Reverberations,2024-01-07,2024-01-08
1125,Captured Essence,2024-01-03,2024-01-27
1449,Brushstrokes Through Time,2024-01-08,2024-01-19
1537,Frozen Moments,2024-01-09,2024-01-19
1075,Frozen Moments,2024-01-02,2024-01-11
1130,Aqua Serenade,2024-01-09,2024-01-12
1747,Eternal Brushstrokes,2024-01-05,2024-01-13
1383,Pixel Reverberations,2024-01-04,2024-01-16
1789,Luminous Horizons,2024-01-02,2024-01-28
1554,Shadows and Silhouettes,2024-01-01,2024-01-16
1810,Eternal Brushstrokes,2024-01-06,2024-01-11
1937,Brushstrokes Through Time,2024-01-06,2024-01-18
1758,Eternal Brushstrokes,2024-01-05,2024-01-17
1267,Tangled Threads,2024-01-01,2024-01-11
1407,Canvas Chronicles,2024-01-06,2024-01-21
1298,Aqua Serenade,2024-01-06,2024-01-12
1196,Palette of Ages,2024-01-02,2024-01-18
1687,Captured Essence,2024-01-03,2024-01-10
1699,Luminous Horizons,2024-01-09,2024-01-30
1591,Pixel Reverberations,2024-01-07,2024-01-26
1783,Pixel Reverberations,2024-01-09,2024-01-24
1512,Aqua Serenade,2024-01-05,2024-01-23
1065,Pixel Reverberations,2024-01-01,2024-01-29
1518,Captured Essence,2024-01-07,2024-01-26
1812,Brushstrokes Through Time,2024-01-03,2024-01-16
1211,Frozen Moments,2024-01-01,2024-01-18
1234,Palette of Ages,2024-01-08,2024-01-15
1323,Tangled Threads,2024-01-06,2024-01-13
1587,Luminous Horizons,2024-01-02,2024-01-30
1282,Carved Whispers,2024-01-02,2024-01-29
1449,Pixel Reverberations,2024-01-05,2024-01-27
1865,Carved Whispers,2024-01-01,2024-01-22
1395,Eternal Brushstrokes,2024-01-07,2024-01-22
1917,Brushstrokes Through Time,2024-01-04,2024-01-22
1314,Luminous Horizons,2024-01-01,2024-01-21
1329,Pixel Reverberations,2024-01-05,2024-01-11
1004,Captured Essence,2024-01-04,2024-01-14
1177,Palette of Ages,2024-01-03,2024-01-29
1035,Canvas Chronicles,2024-01-03,2024-01-14
1818,Frozen Moments,2024-01-03,2024-01-10
1318,Palette of Ages,2024-01-06,2024-01-30
1911,Palette of Ages,2024-01-09,2024-01-30
1744,Pixel Reverberations,2024-01-03,2024-01-14
1707,Lens and Light,2024-01-05,2024-01-07
